Review_ID,Database_presence,Year,Title,Authors,Source_title,DOI,DOI_URL,Document_type,Scopus_cited_by,Dimensions_times_cited,Suggested_theme_tag,Recent_2020_plus,Recent_2024_plus,Scopus_EID,Dimensions_Publication_ID,Match_key_type,Normalized_key
R0001,Scopus only,2026,A Shape Optimization Approach for Inferring Sources of Volcano Ground Deformation,Perrot T.; Sigmundsson F.; Dapogny C.,Geophysical Research Letters,10.1029/2025gl120764,https://doi.org/10.1029/2025gl120764,Article,0,,Volcanic deformation/source geometry,Yes,Yes,2-s2.0-105035154341,,doi,10.1029/2025gl120764
R0002,Both,2026,Activation of a hidden branch fault in the central Walker Lane during the 2024 MW 5.7 Yerington (Nevada) earthquake revealed by InSAR,Yang J.; Yao Z.; Wen Y.,Advances in Space Research,10.1016/j.asr.2026.03.102,https://doi.org/10.1016/j.asr.2026.03.102,Article,0,0,Earthquake source/fault-slip inversion; Hydrology/gravity/mass redistribution; Subsidence/reservoir/anthropogenic deformation,Yes,Yes,2-s2.0-105035348916,pub.1200071540,doi,10.1016/j.asr.2026.03.102
R0003,Dimensions only,2026,Characterization of Crustal Deformation During the May 2021 Nyiragongo Eruption Using InSAR and GNSS Data,"Murekezi, D.; Newman, A.; Wauthier, C.; Ebinger, C. J.; Lundgren, P.; Santana, J. Gonzalez; Niyitegeka, T.; Nyandwi, G.; Habiyakare, T.; Uwiduhaye, J.",Geophysical Research Letters,10.1029/2025gl116073,https://doi.org/10.1029/2025gl116073,Article,,1,Earthquake source/fault-slip inversion; Volcanic deformation/source geometry,Yes,Yes,,pub.1196898651,doi,10.1029/2025gl116073
R0004,Both,2026,"Complex Multifault Rupture During the 2016–2025 Dingri Earthquakes, Southern Tibetan Plateau, Unraveled by Multisource InSAR Observations",Yang J.; Wen Y.; Xu C.; Hu Q.,Seismological Research Letters,10.1785/0220250095,https://doi.org/10.1785/0220250095,Article,5,7,Earthquake source/fault-slip inversion,Yes,Yes,2-s2.0-105025981200,pub.1192974627,doi,10.1785/0220250095
R0005,Dimensions only,2026,Crust-mantle dynamics drive cascading rupture of the 2025 Mw 7.8 Myanmar earthquake from geodetic observations,"Liu, Chuanjin; Ji, Lingyun; Zhu, Liangyu; Zhuang, Wenquan; Xu, Jing; Liu, Lei",Earth and Planetary Science Letters,10.1016/j.epsl.2026.119938,https://doi.org/10.1016/j.epsl.2026.119938,Article,,0,AI/neural surrogates/visualization/emerging sensing; Earthquake source/fault-slip inversion; Hydrology/gravity/mass redistribution,Yes,Yes,,pub.1198783505,doi,10.1016/j.epsl.2026.119938
R0006,Dimensions only,2026,"Deciphering stress perturbations throughout the 2025 Mw 7.1 Dingri, Southern Xizang Earthquake","Ma, Zhangfeng; Li, Chenglong; Zeng, Hongyu; Chen, Han; Lyu, Mingzhe; Zhang, Yingfeng; Dal Zilio, Luca; Shan, Xinjian; Wei, Shengji",Nature Communications,10.1038/s41467-025-68128-y,https://doi.org/10.1038/s41467-025-68128-y,Article,,3,AI/neural surrogates/visualization/emerging sensing; Earthquake source/fault-slip inversion,Yes,Yes,,pub.1197246893,doi,10.1038/s41467-025-68128-y
R0007,Dimensions only,2026,Eroding asperities imply larger locked regions on subduction megathrusts,"Johnson, Kaj; Sherrill, Elizabeth",Research Square,10.21203/rs.3.rs-8714153/v1,https://doi.org/10.21203/rs.3.rs-8714153/v1,Preprint,,0,AI/neural surrogates/visualization/emerging sensing; Earthquake source/fault-slip inversion,Yes,Yes,,pub.1199156684,doi,10.21203/rs.3.rs-8714153/v1
R0008,Both,2026,Fault Kinematics of the 2019–2026 Puerto Rico Earthquake Sequence: Conjugate Faulting Within a Zone of Oblique Subduction,Sun L.; Xu X.; Mann P.; Hippolyte J.-C.,Journal of Geophysical Research: Solid Earth,10.1029/2025jb032952,https://doi.org/10.1029/2025jb032952,Article,0,0,Earthquake source/fault-slip inversion,Yes,Yes,2-s2.0-105032160233,pub.1199110855,doi,10.1029/2025jb032952
R0009,Dimensions only,2026,Fault-mediated magma propagation and triggered seismicity revealed by the 2022 São Jorge Azores unrest,"Hicks, Stephen P.; Gonzalez, Pablo J.; Lomax, Anthony; Ferreira, Ana M. G.; Ramalho, Ricardo S.; Mitchell, Neil C.; Silveira, Graça; Dias, Nuno Afonso; Fontiela, João; Fernandes, Rui; Custódio, Susana; Tsekhmistrenko, Maria; Mendes, Virgilio; Pimentel, Adriano; Silva, Rita; Prates, Gonçalo; Sturgeon, William; Marignier, Augustin; Carrilho, Fernando; Marques, Rui; Miranda, Miguel; Garcia, Arturo M.",Nature Communications,10.1038/s41467-026-71668-6,https://doi.org/10.1038/s41467-026-71668-6,Article,,0,Earthquake source/fault-slip inversion; Volcanic deformation/source geometry,Yes,Yes,,pub.1200777123,doi,10.1038/s41467-026-71668-6
R0010,Both,2026,Geodetic Resolution of the Interplay Between Earthquakes and Slow Slip in the Hikurangi Margin,Maubant L.; Wallace L.M.; Williams C.A.; Michel S.; Klein E.; Frank W.B.,Journal of Geophysical Research: Solid Earth,10.1029/2025jb033143,https://doi.org/10.1029/2025jb033143,Article,0,0,Regularization/weighting/model selection; Earthquake source/fault-slip inversion; Hydrology/gravity/mass redistribution,Yes,Yes,2-s2.0-105039524991,pub.1201692572,doi,10.1029/2025jb033143
R0011,Dimensions only,2026,How does topography affect the propagation of magmatic intrusions? An experimental study,"Willar-Sheehan, Saskia; Kavanagh, Janine; Williams, Kate",,10.5194/egusphere-egu26-14970,https://doi.org/10.5194/egusphere-egu26-14970,Article,,0,Volcanic deformation/source geometry; Hydrology/gravity/mass redistribution; Subsidence/reservoir/anthropogenic deformation,Yes,Yes,,pub.1199382281,doi,10.5194/egusphere-egu26-14970
R0012,Dimensions only,2026,"Imaging and modeling crater floor subsidence at Nyiragongo Volcano, DRC","Lo, Arthur Wan Ki; Wauthier, Christelle; Smets, Benoît; d’Oreye, Nicolas; Barrière, Julien; Samsonov, Sergey",Research Square,10.21203/rs.3.rs-9568081/v1,https://doi.org/10.21203/rs.3.rs-9568081/v1,Preprint,,0,Regularization/weighting/model selection; Volcanic deformation/source geometry; Subsidence/reservoir/anthropogenic deformation,Yes,Yes,,pub.1201697118,doi,10.21203/rs.3.rs-9568081/v1
R0013,Dimensions only,2026,LMS-based robust estimation for mixed additive and multiplicative random error model,"Peng, Zhenjie; Wang, Leyang; Xiao, Hao; Cao, Zhichao; Wu, Fei; Xu, Guangyu",Survey Review,10.1080/00396265.2026.2627043,https://doi.org/10.1080/00396265.2026.2627043,Article,,0,AI/neural surrogates/visualization/emerging sensing; Regularization/weighting/model selection,Yes,Yes,,pub.1198155323,doi,10.1080/00396265.2026.2627043
R0014,Dimensions only,2026,Near instantaneously triggered Mw 5.9 aftershock during the 2025 Mw 7.1 Dingri earthquake revealed by radar interferometry,"Wang, Xin; Li, Duo; Zhu, Jun; Xu, Xiaohua; Li, Zefeng; Sandwell, David; Hao, Dengcheng; liu, Chengli; Fang, Rongxin",Earth and Planetary Science Letters,10.1016/j.epsl.2026.120070,https://doi.org/10.1016/j.epsl.2026.120070,Article,,0,Regularization/weighting/model selection; Earthquake source/fault-slip inversion,Yes,Yes,,pub.1200945389,doi,10.1016/j.epsl.2026.120070
R0015,Dimensions only,2026,Physics-Aware Machine Learning for Large-Scale Hydro-Geodetic Inference from InSAR,"Shafiei Joud, Mehdi; Yang, Fan; Chawla, Shivam",,10.5194/egusphere-egu26-14591,https://doi.org/10.5194/egusphere-egu26-14591,Article,,0,AI/neural surrogates/visualization/emerging sensing; Regularization/weighting/model selection; Subsidence/reservoir/anthropogenic deformation,Yes,Yes,,pub.1199381923,doi,10.5194/egusphere-egu26-14591
R0016,Dimensions only,2026,Physics-informed linear model (PILM): analytical representations and application to crustal strain rate estimation,"Okazaki, Tomohisa","Earth, Planets and Space",10.1186/s40623-026-02393-z,https://doi.org/10.1186/s40623-026-02393-z,Article,,0,AI/neural surrogates/visualization/emerging sensing; Regularization/weighting/model selection; Landslide/slope/active-terrain deformation,Yes,Yes,,pub.1200280302,doi,10.1186/s40623-026-02393-z
R0017,Dimensions only,2026,Scenario-based forecast of the evolution of 75 years of unrest at Campi Flegrei caldera (Italy),"Caricchi, Luca; Lormand, Charline; Carlino, Stefano; Pivetta, Tommaso; Simpson, Guy",Communications Earth & Environment,10.1038/s43247-025-03140-0,https://doi.org/10.1038/s43247-025-03140-0,Article,,2,Volcanic deformation/source geometry; Subsidence/reservoir/anthropogenic deformation,Yes,Yes,,pub.1197097891,doi,10.1038/s43247-025-03140-0
R0018,Dimensions only,2026,Sediment-modulated supershear rupture of the 2025 Mw 7.7 Myanmar earthquake,"Xu, Duyuan; Luo, Heng; Yu, Houyun; Peng, Zhigang; Zhu, Hejun; Wang, Weimin; Xu, Jiankuan; Jiao, Liqing; Dong, Shuwen; Bao, Guodong; Ren, Zhikun; Chen, Xiaofei",Communications Earth & Environment,10.1038/s43247-026-03232-5,https://doi.org/10.1038/s43247-026-03232-5,Article,,0,Earthquake source/fault-slip inversion,Yes,Yes,,pub.1197585628,doi,10.1038/s43247-026-03232-5
R0019,Dimensions only,2026,Static Stress Transfer and Fault Interaction Within the 2008–2020 Yutian Earthquake Sequence Constrained by InSAR-Derived Slip Models,"Fan, Xiaoran; Zhang, Guohong; Shan, Xinjian",Remote Sensing,10.3390/rs18020288,https://doi.org/10.3390/rs18020288,Article,,0,Earthquake source/fault-slip inversion; Hydrology/gravity/mass redistribution; Subsidence/reservoir/anthropogenic deformation,Yes,Yes,,pub.1197262361,doi,10.3390/rs18020288
R0020,Dimensions only,2026,SYSU_Topo: a 1-arc-minute global bathymetry from SWOT-derived gravity using the gravity-geological method,"Feng, Wei; An, Dechao; Hwang, Cheinway; Sun, Mingzhi; Chen, Xiaodong; Zhang, Zeyuan; Yang, Meng; Zhong, Min",Scientific Data,10.1038/s41597-026-06641-5,https://doi.org/10.1038/s41597-026-06641-5,Article,,1,Regularization/weighting/model selection; Hydrology/gravity/mass redistribution,Yes,Yes,,pub.1197487571,doi,10.1038/s41597-026-06641-5
R0021,Dimensions only,2026,"Temporal elastic properties changes and rock weakening at Campi Flegrei, Italy","Tarantino, Stefania; Poli, Piero; Vassallo, Maurizio; D'Agostino, Nicola; Garambois, Stéphane",,10.5194/egusphere-egu26-11179,https://doi.org/10.5194/egusphere-egu26-11179,Article,,0,Earthquake source/fault-slip inversion; Volcanic deformation/source geometry; Subsidence/reservoir/anthropogenic deformation,Yes,Yes,,pub.1199378688,doi,10.5194/egusphere-egu26-11179
R0022,Dimensions only,2026,Unlocking the potential of InSAR elastic loading deformation for geodetic joint inversion of terrestrial water storage changes in California,"Zhao, Ruiqi; You, Wei; Wan, Xiangyu; Nie, Shengkun; Fan, Dongming",Remote Sensing of Environment,10.1016/j.rse.2026.115490,https://doi.org/10.1016/j.rse.2026.115490,Article,,0,Hydrology/gravity/mass redistribution; Subsidence/reservoir/anthropogenic deformation,Yes,Yes,,pub.1201863476,doi,10.1016/j.rse.2026.115490
R0023,Dimensions only,2025,A layered segmentation method for fault geometry reconstruction: integrating surface traces and aftershock sequence,"Li, Jingwei; Zhang, Zizhan; Deng, Zhiguo; Zhan, Wei; Chen, Yunguo; Chen, Wei",Natural Hazards,10.1007/s11069-025-07462-2,https://doi.org/10.1007/s11069-025-07462-2,Article,,0,Earthquake source/fault-slip inversion,Yes,Yes,,pub.1189779613,doi,10.1007/s11069-025-07462-2
R0024,Both,2025,A possibility of fluid migration due to the 2023 M6.5 Noto Peninsula earthquake suggested from precise gravity measurements,Tanaka Y.; Nishiyama R.; Araya A.; Sakaue H.; Nakakoji K.; Takata T.; Nishimura T.; Hiramatsu Y.; Sawada A.,"Earth, Planets and Space",10.1186/s40623-025-02153-5,https://doi.org/10.1186/s40623-025-02153-5,Article,7,7,AI/neural surrogates/visualization/emerging sensing; Earthquake source/fault-slip inversion; Volcanic deformation/source geometry,Yes,Yes,2-s2.0-105000262682,pub.1186457309,doi,10.1186/s40623-025-02153-5
R0025,Dimensions only,2025,A simple method for improving the resolution of geodetic slip inversion,"Zhang, Yong",Geophysical Journal International,10.1093/gji/ggaf138,https://doi.org/10.1093/gji/ggaf138,Article,,1,Regularization/weighting/model selection; Earthquake source/fault-slip inversion,Yes,Yes,,pub.1187545508,doi,10.1093/gji/ggaf138
R0026,Dimensions only,2025,"Automated 3D dynamic rupture simulations for rapid characterization of large earthquakes: Application to the December 5, Mw 7.0 Off-shore Cape Mendocino earthquake","Gabriel, Alice-Agnes; Ulrich, Thomas; Magen, Yohai",,10.5194/egusphere-egu25-14836,https://doi.org/10.5194/egusphere-egu25-14836,Article,,0,AI/neural surrogates/visualization/emerging sensing; Regularization/weighting/model selection; Earthquake source/fault-slip inversion,Yes,Yes,,pub.1186622319,doi,10.5194/egusphere-egu25-14836
R0027,Scopus only,2025,"Bayesian von Karman regularization joint inversion of GNSS and InSAR data for the slip distribution of the 2016 Meinong Mw6.4 Earthquake in Taiwan, China; [2016 年中国台湾美浓 Mw6.4 地震滑动分布的GNSS 与 InSAR 数据贝叶斯 von Karman 正则化联合反演]",Sun Z.; Wang L.; Xi C.; Huang Y.,Chinese Journal of Geophysics,10.6038/cjg2024s0262,https://doi.org/10.6038/cjg2024s0262,Article,1,,Regularization/weighting/model selection; Earthquake source/fault-slip inversion,Yes,Yes,2-s2.0-105014108626,,doi,10.6038/cjg2024s0262
R0028,Dimensions only,2025,"Cascading ruptures on near-orthogonal strike-slip faults controlled by simple shear: Insights from the 2019 Cotabato earthquake quartet, Philippines","Jiang, Yu; Zeng, Hongyu; Hu, Wan-Lin; Ma, Zhangfeng; Hubbard, Judith; Wei, Shengji",,10.5194/egusphere-egu24-1877,https://doi.org/10.5194/egusphere-egu24-1877,Article,,0,AI/neural surrogates/visualization/emerging sensing; Earthquake source/fault-slip inversion,Yes,Yes,,pub.1169586234,doi,10.5194/egusphere-egu24-1877
R0029,Dimensions only,2025,"Co- and early post-seismic InSAR observations reveal complex rupture of the 2023 Herat earthquake sequence, NW Afghanistan","Xu, Yuhao; Diao, Faqi; Xiong, Xiong",Geophysical Journal International,10.1093/gji/ggaf442,https://doi.org/10.1093/gji/ggaf442,Article,,2,Regularization/weighting/model selection; Earthquake source/fault-slip inversion,Yes,Yes,,pub.1194847150,doi,10.1093/gji/ggaf442
R0030,Dimensions only,2025,Constraining shallow slip deficit with phase gradient data,"Zhang, Yajun; Xu, Xiaohua",Geophysical Journal International,10.1093/gji/ggaf427,https://doi.org/10.1093/gji/ggaf427,Article,,0,Regularization/weighting/model selection; Earthquake source/fault-slip inversion,Yes,Yes,,pub.1194272089,doi,10.1093/gji/ggaf427
R0031,Dimensions only,2025,Coseismic Slip and Early Afterslip of the 2024 Hyuganada Earthquake Modulated by a Subducted Seamount,"Itoh, Yuji",Geophysical Research Letters,10.1029/2024gl112826,https://doi.org/10.1029/2024gl112826,Article,,13,Earthquake source/fault-slip inversion; Hydrology/gravity/mass redistribution,Yes,Yes,,pub.1184468451,doi,10.1029/2024gl112826
R0032,Dimensions only,2025,Deep intra-slab rupture and mechanism transition of the 2024 Mw 7.4 Calama earthquake,"Jia, Zhe; Mao, Wei; Flores, María Constanza; Barra, Sebastián; Ruiz, Sergio; Potin, Bertrand; Becker, Thorsten W.; Moreno, Marcos; Baez, Juan Carlos; Ceroni, Daniel; Cabrera, Leoncio",Nature Communications,10.1038/s41467-025-63480-5,https://doi.org/10.1038/s41467-025-63480-5,Article,,4,Regularization/weighting/model selection; Earthquake source/fault-slip inversion,Yes,Yes,,pub.1192437429,doi,10.1038/s41467-025-63480-5
R0033,Dimensions only,2025,Development of a Seasonal Adjustment Technique STEL and its Application to Daily GNSS Data,"Okada, Yutaro; Ueda, Taku",測地学会誌,10.11366/sokuchi.71.1,https://doi.org/10.11366/sokuchi.71.1,Article,,1,Earthquake source/fault-slip inversion,Yes,Yes,,pub.1190654155,doi,10.11366/sokuchi.71.1
R0034,Scopus only,2025,Differentiating Frictionally Locked Asperities From Kinematically Coupled Zones,Sato D.S.K.; Hori T.; Fukahata Y.,Journal of Geophysical Research: Solid Earth,10.1029/2024jb030357,https://doi.org/10.1029/2024jb030357,Article,0,,Earthquake source/fault-slip inversion,Yes,Yes,2-s2.0-105019588248,,doi,10.1029/2024jb030357
R0035,Dimensions only,2025,Distinct patterns of volcano deformation for hot and cold magmatic systems,"Weber, Gregor; Biggs, Juliet; Annen, Catherine",Nature Communications,10.1038/s41467-024-55443-z,https://doi.org/10.1038/s41467-024-55443-z,Article,,7,Volcanic deformation/source geometry; Subsidence/reservoir/anthropogenic deformation,Yes,Yes,,pub.1184251348,doi,10.1038/s41467-024-55443-z
R0036,Both,2025,Exploring and Summarizing Ensemble Solutions to Geophysical Inverse Problems,Mills C.L.; Rudolph M.L.; Lekić V.,Journal of Geophysical Research: Machine Learning and Computation,10.1029/2024jh000472,https://doi.org/10.1029/2024jh000472,Article,0,0,AI/neural surrogates/visualization/emerging sensing; Regularization/weighting/model selection; Hydrology/gravity/mass redistribution,Yes,Yes,2-s2.0-105030178944,pub.1193761911,doi,10.1029/2024jh000472
R0037,Both,2025,Fault Geometry and Slip Distribution of the 2023 Jishishan Earthquake Based on Sentinel-1A and ALOS-2 Data,Ma K.; Liu Y.; Hu Q.; Yang J.; Wang L.,Remote Sensing,10.3390/rs17132310,https://doi.org/10.3390/rs17132310,Article,1,1,Regularization/weighting/model selection; Earthquake source/fault-slip inversion; Hydrology/gravity/mass redistribution,Yes,Yes,2-s2.0-105010339554,pub.1190639677,doi,10.3390/rs17132310
R0038,Dimensions only,2025,Geodetic data inversion to estimate a strain-rate field by introducing sparse modeling,"Nozue, Yohei; Fukahata, Yukitoshi","Earth, Planets and Space",10.1186/s40623-024-02115-3,https://doi.org/10.1186/s40623-024-02115-3,Article,,2,Regularization/weighting/model selection; Earthquake source/fault-slip inversion; Landslide/slope/active-terrain deformation,Yes,Yes,,pub.1185197830,doi,10.1186/s40623-024-02115-3
R0039,Dimensions only,2025,Geodetic model of the 2024 January 22 Mw 7.0 Wushi (northwestern China) earthquake and Mw 5.7 aftershock from inversion of InSAR data,"Famiglietti, Nicola Angelo; Cheloni, Daniele; Caputo, Riccardo; Vicari, Annamaria",Geophysical Journal International,10.1093/gji/ggaf084,https://doi.org/10.1093/gji/ggaf084,Article,,12,Earthquake source/fault-slip inversion,Yes,Yes,,pub.1186187434,doi,10.1093/gji/ggaf084
R0040,Dimensions only,2025,Global Gravitational Field Modelling for Spheroidal Planetary Bodies: Theory and Numerical Aspects,"Belinger, Jiří; Dohnalová, Veronika; Pitoňák, Martin; Novák, Pavel; Šprlák, Michal",International Association of Geodesy Symposia,10.1007/1345_2025_297,https://doi.org/10.1007/1345_2025_297,Chapter,,0,General geodetic inversion / Earth-observation modelling,Yes,Yes,,pub.1196595522,doi,10.1007/1345_2025_297
R0041,Dimensions only,2025,Hypocenter distribution of volcanic earthquakes beneath Mount Sinabung (Oct 2023–Apr 2024) using an adaptive-damping Geiger relocation,"Minarto, Eko; Ditaningrum, Arfina; ., Kristianto",Research Square,10.21203/rs.3.rs-8151068/v1,https://doi.org/10.21203/rs.3.rs-8151068/v1,Preprint,,0,Volcanic deformation/source geometry,Yes,Yes,,pub.1195692459,doi,10.21203/rs.3.rs-8151068/v1
R0042,Dimensions only,2025,"Implication from the 2023 M W6.0 Jishishan earthquake: complex fault structure beneath the Jishi Shan, northeastern Qinghai-Xizang Plateau","Qiu, Renjian; Chen, Wei; Zhao, Bin; Wen, Yangmao; Xiong, Wei",Geodesy and Geodynamics,10.1016/j.geog.2025.10.006,https://doi.org/10.1016/j.geog.2025.10.006,Article,,0,Regularization/weighting/model selection; Earthquake source/fault-slip inversion; Landslide/slope/active-terrain deformation,Yes,Yes,,pub.1196441874,doi,10.1016/j.geog.2025.10.006
R0043,Dimensions only,2025,Improved sparrow search algorithm for inversion of geometric parameters of earthquake source faults,"Wang, Leyang; Zhou, Xuekai; Sun, Zhanglin; Xi, Can; Xiao, Hao",Geodesy and Geodynamics,10.1016/j.geog.2025.03.002,https://doi.org/10.1016/j.geog.2025.03.002,Article,,3,Earthquake source/fault-slip inversion,Yes,Yes,,pub.1189576373,doi,10.1016/j.geog.2025.03.002
R0044,Dimensions only,2025,InSAR observations reveal interactions between seismic and aseismic slip during and after the 2016 Mw 6.6 Muji earthquake,"Xu, Jia; Gao, Zhiyu; Liu, Jie; Yan, Wei; Guo, Haipeng; Liu, Rui; Yi, Changrong; Xu, Dongxin",Scientific Reports,10.1038/s41598-025-98880-6,https://doi.org/10.1038/s41598-025-98880-6,Article,,1,Earthquake source/fault-slip inversion,Yes,Yes,,pub.1188132328,doi,10.1038/s41598-025-98880-6
R0045,Scopus only,2025,Investigating the dynamic behavior of the north Tabriz fault in the interseismic period using physical models of the earthquake cycle in a viscoelastic half-space; [بررسی رفتار دینامیکی گسل شمال تبریز در دوره بین لرزه‌ای با استفاده از مدل‌های فیزیکی چرخه زمین لرزه در نیم‌فضای گرانروی کشسان],Salmanian M.; Rastbood A.; Hossainali M.M.,Iranian Journal of Geophysics,10.30499/ijg.2024.473864.1624,https://doi.org/10.30499/ijg.2024.473864.1624,Article,0,,Earthquake source/fault-slip inversion; Landslide/slope/active-terrain deformation,Yes,Yes,2-s2.0-105004292761,,doi,10.30499/ijg.2024.473864.1624
R0046,Dimensions only,2025,Magma chamber failure and dyke injection threshold for magma-driven unrest at Campi Flegrei caldera,"Natale, Jacopo; Vitale, Stefano",Nature Communications,10.1038/s41467-025-62636-7,https://doi.org/10.1038/s41467-025-62636-7,Article,,5,Earthquake source/fault-slip inversion; Volcanic deformation/source geometry; Subsidence/reservoir/anthropogenic deformation,Yes,Yes,,pub.1191825916,doi,10.1038/s41467-025-62636-7
R0047,Both,2025,Minute-scale dynamics of recurrent dike intrusions in Iceland with fiber-optic geodesy,Li J.; Biondi E.; Heimisson E.R.; Puel S.; Zhai Q.; Zhang S.; Hjörleifsdóttir V.; Wei X.; Bird E.; Klesh A.; Kamalov V.; Gunnarsson T.; Geirsson H.; Zhan Z.,Science,10.1126/science.adu0225,https://doi.org/10.1126/science.adu0225,Article,16,17,AI/neural surrogates/visualization/emerging sensing; Regularization/weighting/model selection; Earthquake source/fault-slip inversion,Yes,Yes,2-s2.0-105008806274,pub.1187993449,doi,10.1126/science.adu0225
R0048,Dimensions only,2025,Physics-Informed Linear Model (PILM): Analytical Representations and Application to Crustal Strain Rate Estimation,"Okazaki, Tomohisa",arXiv,10.48550/arxiv.2507.12218,https://doi.org/10.48550/arxiv.2507.12218,Preprint,,0,AI/neural surrogates/visualization/emerging sensing; Regularization/weighting/model selection; Landslide/slope/active-terrain deformation,Yes,Yes,,pub.1190902509,doi,10.48550/arxiv.2507.12218
R0049,Dimensions only,2025,Physics‐Informed Deep Learning for Estimating the Spatial Distribution of Frictional Parameters in Slow Slip Regions,"Fukushima, Rikuto; Kano, Masayuki; Hirahara, Kazuro; Ohtani, Makiko; Im, Kyungjae; Avouac, Jean‐Philippe",Journal of Geophysical Research: Solid Earth,10.1029/2024jb030256,https://doi.org/10.1029/2024jb030256,Article,,9,AI/neural surrogates/visualization/emerging sensing; Regularization/weighting/model selection; Earthquake source/fault-slip inversion,Yes,Yes,,pub.1188502119,doi,10.1029/2024jb030256
R0050,Dimensions only,2025,Physics‐Informed Deep Learning for Forward and Inverse Modeling of Inplane Crustal Deformation,"Okazaki, Tomohisa; Hirahara, Kazuro; Ito, Takeo; Kano, Masayuki; Ueda, Naonori",Journal of Geophysical Research Machine Learning and Computation,10.1029/2024jh000474,https://doi.org/10.1029/2024jh000474,Article,,12,AI/neural surrogates/visualization/emerging sensing; Regularization/weighting/model selection; Earthquake source/fault-slip inversion,Yes,Yes,,pub.1186672930,doi,10.1029/2024jh000474
R0051,Dimensions only,2025,PIXEL(PALSAR Interferometry Consortium to Study our Evolving Land surface)による国内のSAR利用研究の拡大,"正人, 古屋; 陽介, 青木; 拓, 小澤; 明子, 田中; 洋, 福島; 忍, 安藤; 陽一郎, 高田; 哲, 奥山; 陽平, 木下",測地学会誌,10.11366/sokuchi.71.28,https://doi.org/10.11366/sokuchi.71.28,Article,,0,General geodetic inversion / Earth-observation modelling,Yes,Yes,,pub.1193799025,doi,10.11366/sokuchi.71.28
R0052,Dimensions only,2025,Post-seismic deformation mechanisms of the 2015 Nepal earthquake and implications for seismic hazard in the southern Tibetan Plateau: 2025 Dingri earthquake,"Wang, Qiqi; Wang, Shuaipeng",Advances in Space Research,10.1016/j.asr.2025.07.003,https://doi.org/10.1016/j.asr.2025.07.003,Article,,3,Earthquake source/fault-slip inversion,Yes,Yes,,pub.1190595066,doi,10.1016/j.asr.2025.07.003
R0053,Both,2025,"Postseismic deformation analysis of the 2018 Lombok, Indonesia, earthquake inferred from GNSS data",Nurrohmah L.; Widiyantoro S.; Gunawan E.; Syamsuddin,Advances in Space Research,10.1016/j.asr.2025.06.049,https://doi.org/10.1016/j.asr.2025.06.049,Article,2,2,Regularization/weighting/model selection; Earthquake source/fault-slip inversion,Yes,Yes,2-s2.0-105009649369,pub.1189923063,doi,10.1016/j.asr.2025.06.049
R0054,Dimensions only,2025,"Repeated inflations, deflations, dike injections and eruptions since 2023 in the Svartsengi volcanic system, Reykjanes Peninsula, Iceland","Drouin, Vincent; Parks, Michelle; Sigmundsson, Freysteinn; Hjartardóttir, Ásta Rut; Geirsson, Halldór; Birkefeldt Moller Pedersen, Gro; Munoz Cobo Belart, Joaquin; Barsotti, Sara; Lanzi, Chiara; Vogfjorð, Kristín; Hooper, Andrew; Ófeigsson, Benedikt Gunnar; Hreinsdóttir, Sigrún; Gestsson, Einar Bessi; Þrastarson, Ragnar Heiðar; Einarsson, Páll; Tolpekin, Valentyn; Rotheram-Clarke, Drew; Gunnarson, Sydney; Óskarsson, Birgir",,10.5194/egusphere-egu25-17523,https://doi.org/10.5194/egusphere-egu25-17523,Article,,0,Volcanic deformation/source geometry,Yes,Yes,,pub.1186645697,doi,10.5194/egusphere-egu25-17523
R0055,Dimensions only,2025,Role of tectonic stress and topography on repeated lateral dikes: application to the 1975–1984 Krafla and 2023–2025 Svartsengi rifting episodes in Iceland,"Yang, Yilin; Sigmundsson, Freysteinn; Geirsson, Halldór; Gottsmann, Joachim",Bulletin of Volcanology,10.1007/s00445-025-01897-y,https://doi.org/10.1007/s00445-025-01897-y,Article,,4,Volcanic deformation/source geometry,Yes,Yes,,pub.1194654395,doi,10.1007/s00445-025-01897-y
R0056,Scopus only,2025,Rupture Continuity Through Intermittent Pauses in Cascadia Slow Slip Events,Wech A.G.; Gomberg J.,Journal of Geophysical Research: Solid Earth,10.1029/2025jb031501,https://doi.org/10.1029/2025jb031501,Article,0,,Regularization/weighting/model selection; Earthquake source/fault-slip inversion; Landslide/slope/active-terrain deformation,Yes,Yes,2-s2.0-105012837777,,doi,10.1029/2025jb031501
R0057,Dimensions only,2025,Scenario-based and physics-informed forecast of the evolution of 75 years of unrest at Campi Flegrei caldera (Italy),"Caricchi, Luca; Lormand, Charline; Carlino, Stefano; Pivetta, Tommaso; Simpson, Guy",Research Square,10.21203/rs.3.rs-5967675/v1,https://doi.org/10.21203/rs.3.rs-5967675/v1,Preprint,,0,AI/neural surrogates/visualization/emerging sensing; Volcanic deformation/source geometry; Subsidence/reservoir/anthropogenic deformation,Yes,Yes,,pub.1187413030,doi,10.21203/rs.3.rs-5967675/v1
R0058,Dimensions only,2025,Seafloor geodesy unveils seismogenesis of large subduction earthquakes in Mexico,"Cruz-Atienza, Víctor M.; Tago, Josué; Domínguez, Luis A.; Kostoglodov, Vladimir; Ito, Yoshihiro; Ovando-Shelley, Efraín; Rodríguez-Nikl, Tonatiuh; González, Renata; Franco, Sara; Solano-Rojas, Darío; Beltrán-Gracia, Joel; Miranda-García, Paulina; Boudin, Frédérick; Rivera, Luis; Bécel, Anne; Villafuerte, Carlos; Real, Jorge; Kazachkina, Ekaterina; Ronquillo, Arturo",Science Advances,10.1126/sciadv.adu8259,https://doi.org/10.1126/sciadv.adu8259,Article,,5,Earthquake source/fault-slip inversion; Landslide/slope/active-terrain deformation,Yes,Yes,,pub.1192795488,doi,10.1126/sciadv.adu8259
R0059,Scopus only,2025,Seismogenic Fault Structure of the 2023 Ms 6.2 Jishishan（Gansu，China）Earthquake Revealed by InSAR Observations; [InSAR 观测揭示的 2023 年甘肃积石山Ms 6.2 地震发震构造],Yang J.; Wen Y.; Xu C.,Wuhan Daxue Xuebao (Xinxi Kexue Ban)/Geomatics and Information Science of Wuhan University,10.13203/j.whugis20230501,https://doi.org/10.13203/j.whugis20230501,Article,36,,Earthquake source/fault-slip inversion,Yes,Yes,2-s2.0-85218424336,,doi,10.13203/j.whugis20230501
R0060,Both,2025,Seismogenic Thickening in the Pamir Plateau From Craton Underthrusting Revealed by the 2023 Mw 6.9 Earthquake,Liu Q.; Zhang Y.; Ma Z.; Zilio L.D.; Zhang G.; Li H.; Shan X.,Geophysical Research Letters,10.1029/2025gl117802,https://doi.org/10.1029/2025gl117802,Article,0,0,Earthquake source/fault-slip inversion,Yes,Yes,2-s2.0-105023836256,pub.1195697595,doi,10.1029/2025gl117802
R0061,Dimensions only,2025,"Slow Rupture, Long Rise Times, and Multi‐Fault Geometry: The 2020 M6.4 Southwestern Puerto Rico Mainshock","Solares‐Colón, M. M.; Goldberg, D. E.; Melgar, D.; Vanacore, E. A.; Sahakian, V. J.; Yeck, W. L.; Hernández, F.; López‐Venegas, A. M.",Geophysical Research Letters,10.1029/2024gl109740,https://doi.org/10.1029/2024gl109740,Article,,5,Regularization/weighting/model selection; Earthquake source/fault-slip inversion,Yes,Yes,,pub.1188108194,doi,10.1029/2024gl109740
R0062,Both,2025,"Spatiotemporal evolution of a deep short-term slow slip event in the Nankai subduction zone in November 2022 derived from strain, tilt, and GNSS records",Yabe S.; Ochi T.; Matsumoto N.; Itaba S.; Kitagawa Y.; Matsuzawa T.; Ide S.,Tectonophysics,10.1016/j.tecto.2025.230763,https://doi.org/10.1016/j.tecto.2025.230763,Article,2,2,Regularization/weighting/model selection; Earthquake source/fault-slip inversion; Landslide/slope/active-terrain deformation,Yes,Yes,2-s2.0-105004803609,pub.1188137268,doi,10.1016/j.tecto.2025.230763
R0063,Dimensions only,2025,Static stress implications for Kīlauea volcano activity after the 2018 Hawai'i earthquake,"Zhang, Lupeng; Tian, Su",Geodesy and Geodynamics,10.1016/j.geog.2025.03.001,https://doi.org/10.1016/j.geog.2025.03.001,Article,,0,Earthquake source/fault-slip inversion; Volcanic deformation/source geometry,Yes,Yes,,pub.1189402888,doi,10.1016/j.geog.2025.03.001
R0064,Dimensions only,2025,Supershear rupture sustained through a thick fault zone in the 2025 Mw 7.8 Mandalay earthquake,"Wei, Shengji; Wang, Xin; Li, Chenglong; Zeng, Hongyu; Ma, Zhangfeng; Shi, Qibin; Chen, Han; Huang, Yihe; Lyu, Mingzhe; Liao, Jiangtao; Yang, Shun; Bai, Yiming; Maung, Phyo Maung; Oo, Kyawmoe; Htwe, Yin Myo Min; Zhang, Jianyong; Dal Zilio, Luca; Shan, Xinjian; Chen, Ling",Science,10.1126/science.adz2101,https://doi.org/10.1126/science.adz2101,Article,,24,Earthquake source/fault-slip inversion,Yes,Yes,,pub.1194492333,doi,10.1126/science.adz2101
R0065,Dimensions only,2025,The 2023 Mw 7.8–7.7 Kahramanmaraş earthquakes were loosely slip-predictable,"Vavra, Ellis; Fialko, Yuri; Bulut, Fatih; Garagon, Aslı; Yalvaç, Sefa; Yaltırak, Cenk",Communications Earth & Environment,10.1038/s43247-024-01969-5,https://doi.org/10.1038/s43247-024-01969-5,Article,,10,Earthquake source/fault-slip inversion; Landslide/slope/active-terrain deformation,Yes,Yes,,pub.1185241200,doi,10.1038/s43247-024-01969-5
R0066,Dimensions only,2025,"The Effect of Edifice Slope, Failure Surface Geometry, and Magma Intrusion Depth on the Development of Flank Instability at Volcanoes","Gonzalez‐Santana, J.; Wauthier, C.; Tung, S.; Masterlark, T.",Journal of Geophysical Research: Solid Earth,10.1029/2024jb030627,https://doi.org/10.1029/2024jb030627,Article,,0,Earthquake source/fault-slip inversion; Volcanic deformation/source geometry; Landslide/slope/active-terrain deformation,Yes,Yes,,pub.1190590005,doi,10.1029/2024jb030627
R0067,Dimensions only,2025,Volcanic crisis reveals coupled magma system at Santorini and Kolumbo,"Isken, Marius P.; Karstens, Jens; Nomikou, Paraskevi; Parks, Michelle Maree; Drouin, Vincent; Rivalta, Eleonora; Crutchley, Gareth J.; Haghighi, Mahmud Haghshenas; Hooft, Emilie E. E.; Cesca, Simone; Walter, Thomas R.; Hainzl, Sebastian; Saul, Joachim; Anastasiou, Dimitris; Raptakis, Kostas; Shapiro, Nikolai M.; Münchmeyer, Jannes; Higueret, Quentin; Soubestre, Jean; Brenguier, Florent; Hufstetler, Rebeckah S.; Autumn, Kaisa R.; Tsakiri, Maria; Lange, Dietrich; Kopp, Heidrun; Urlaub, Morelia; Blanch Jover, María; Preine, Jonas; Hübscher, Christian; Motagh, Mahdi; Müller, Daniel; Dahm, Torsten; Berndt, Christian",Nature,10.1038/s41586-025-09525-7,https://doi.org/10.1038/s41586-025-09525-7,Article,,21,Volcanic deformation/source geometry; Subsidence/reservoir/anthropogenic deformation,Yes,Yes,,pub.1193178591,doi,10.1038/s41586-025-09525-7
R0068,Dimensions only,2024,"2021–2023 Unrest and Geodetic Observations at Askja Volcano, Iceland","Parks, Michelle M.; Sigmundsson, Freysteinn; Drouin, Vincent; Hreinsdóttir, Sigrún; Hooper, Andrew; Yang, Yilin; Ófeigsson, Benedikt G.; Sturkell, Erik; Hjartardóttir, Ásta R.; Grapenthin, Ronni; Geirsson, Halldór; Trasatti, Elisa; Barsotti, Sara; Pedersen, Rikke; Einarsson, Páll; Óladóttir, Bergrún A.; Friðriksdóttir, Hildur M.",Geophysical Research Letters,10.1029/2023gl106730,https://doi.org/10.1029/2023gl106730,Article,,11,AI/neural surrogates/visualization/emerging sensing; Volcanic deformation/source geometry; Subsidence/reservoir/anthropogenic deformation,Yes,Yes,,pub.1168910705,doi,10.1029/2023gl106730
R0069,Dimensions only,2024,3D architecture and complex behavior along the simple central San Andreas fault,"Cheng, Yifang; Bürgmann, Roland; Allen, Richard M.",Nature Communications,10.1038/s41467-024-49454-z,https://doi.org/10.1038/s41467-024-49454-z,Article,,10,Earthquake source/fault-slip inversion,Yes,Yes,,pub.1173168638,doi,10.1038/s41467-024-49454-z
R0070,Scopus only,2024,A Geodetically Constrained Petrogenetic Model for Evolved Lavas from the January 1997 Fissure Eruption of Kı̄lauea Volcano,Scruggs M.A.; Spera F.J.; Rioux M.; Bohrson W.,Journal of Petrology,10.1093/petrology/egae068,https://doi.org/10.1093/petrology/egae068,Article,0,,Volcanic deformation/source geometry,Yes,Yes,2-s2.0-85198617571,,doi,10.1093/petrology/egae068
R0071,Dimensions only,2024,A pressure solution flow law for the seismogenic zone: Application to Cascadia,"Fisher, Donald M.; Hirth, Greg",Science Advances,10.1126/sciadv.adi7279,https://doi.org/10.1126/sciadv.adi7279,Article,,13,Earthquake source/fault-slip inversion; Landslide/slope/active-terrain deformation,Yes,Yes,,pub.1168184397,doi,10.1126/sciadv.adi7279
R0072,Both,2024,A simple weighting method for inverting earthquake source parameters using geodetic multisource data under Bayesian algorithm,Xi C.; Wang L.; Zhao X.; Sun Z.; Zhao W.; Pang M.; Wu F.,Geophysical Journal International,10.1093/gji/ggae104,https://doi.org/10.1093/gji/ggae104,Article,12,9,Regularization/weighting/model selection; Earthquake source/fault-slip inversion,Yes,Yes,2-s2.0-85189433987,pub.1169803096,doi,10.1093/gji/ggae104
R0073,Dimensions only,2024,Declining magma supply to a poroelastic magma mush explains long-term deformation at Soufrière Hills Volcano,"Alshembari, Rami; Hickey, James; Pascal, Karen; Syers, Racquel",Earth and Planetary Science Letters,10.1016/j.epsl.2024.118624,https://doi.org/10.1016/j.epsl.2024.118624,Article,,7,Earthquake source/fault-slip inversion; Volcanic deformation/source geometry; Subsidence/reservoir/anthropogenic deformation,Yes,Yes,,pub.1169412207,doi,10.1016/j.epsl.2024.118624
R0074,Dimensions only,2024,Elastic deformation as a tool to investigate watershed storage connectivity,"Clayton, Noah; Knappe, Ellen; White, Alissa M.; Martens, Hilary R.; Argus, Donald F.; Lau, Nicholas; Borsa, Adrian A.; Bendick, Rebecca; Payton Gardner, W.",Communications Earth & Environment,10.1038/s43247-024-01264-3,https://doi.org/10.1038/s43247-024-01264-3,Article,,6,Hydrology/gravity/mass redistribution,Yes,Yes,,pub.1169286986,doi,10.1038/s43247-024-01264-3
R0075,Dimensions only,2024,Explosive 2018 eruptions at Kīlauea driven by a collapse-induced stomp-rocket mechanism,"Crozier, Josh; Dufek, Josef; Karlstrom, Leif; Anderson, Kyle R.; Cahalan, Ryan; Thelen, Weston; Benage, Mary; Liang, Chao",Nature Geoscience,10.1038/s41561-024-01442-0,https://doi.org/10.1038/s41561-024-01442-0,Article,,3,Volcanic deformation/source geometry; Subsidence/reservoir/anthropogenic deformation,Yes,Yes,,pub.1172085972,doi,10.1038/s41561-024-01442-0
R0076,Dimensions only,2024,"GNSS imaging coseismic and postseismic slip associated with the 2021 M 8.2 Chignik, Alaska earthquake","Xiang, Yunfei; Yue, Jianping; Wang, Hao; Chen, Yuanyuan",Tectonophysics,10.1016/j.tecto.2024.230273,https://doi.org/10.1016/j.tecto.2024.230273,Article,,6,Earthquake source/fault-slip inversion,Yes,Yes,,pub.1169799270,doi,10.1016/j.tecto.2024.230273
R0077,Dimensions only,2024,Improved artificial bee colony algorithm for pressure source parameter inversion of Sakurajima volcano from InSAR data,"Wang, Leyang; Xie, Linghui; Xi, Can",Geodesy and Geodynamics,10.1016/j.geog.2024.05.004,https://doi.org/10.1016/j.geog.2024.05.004,Article,,5,Volcanic deformation/source geometry,Yes,Yes,,pub.1172845045,doi,10.1016/j.geog.2024.05.004
R0078,Scopus only,2024,Insights into water mass change in the Yangtze River Basin from the spectral integration of GNSS and GRACE observations,Tang M.; Yuan L.; Yang X.; Jiang Z.; Han S.-C.; You W.,Earth and Planetary Science Letters,10.1016/j.epsl.2024.118929,https://doi.org/10.1016/j.epsl.2024.118929,Article,11,,Regularization/weighting/model selection; Hydrology/gravity/mass redistribution,Yes,Yes,2-s2.0-85201464955,,doi,10.1016/j.epsl.2024.118929
R0079,Dimensions only,2024,Intraslab seismicity migration simultaneously with an interface slow slip event along the Ecuadorian subduction zone,"Wickham-Piotrowski, Alexander; Font, Yvonne; Regnier, Marc; Delouis, Bertrand; Nocquet, Jean-Mathieu; De Barros, Louis; Durand, Virginie; Bletery, Quentin; Segovia, Monica",Tectonophysics,10.1016/j.tecto.2024.230365,https://doi.org/10.1016/j.tecto.2024.230365,Article,,4,Earthquake source/fault-slip inversion; Landslide/slope/active-terrain deformation,Yes,Yes,,pub.1172113249,doi,10.1016/j.tecto.2024.230365
R0080,Both,2024,"Intrusive mechanism of the 2018 Sierra Negra Galápagos eruption, constrained by 4D tomographic images",Rezaeifar M.; Bean C.J.; Grannell J.; Möllhoff M.; Bell A.F.,Journal of Volcanology and Geothermal Research,10.1016/j.jvolgeores.2024.108112,https://doi.org/10.1016/j.jvolgeores.2024.108112,Article,4,4,Regularization/weighting/model selection; Earthquake source/fault-slip inversion; Volcanic deformation/source geometry,Yes,Yes,2-s2.0-85194906440,pub.1171951641,doi,10.1016/j.jvolgeores.2024.108112
R0081,Dimensions only,2024,Inverting Geodetic Strain Rates for Slip Deficit Rate in Complex Deforming Zones: An Application to the New Zealand Plate Boundary,"Johnson, Kaj M.; Wallace, Laura M.; Maurer, Jeremy; Hamling, Ian; Williams, Charles; Rollins, Chris; Gerstenberger, Matt; Van Dissen, Russ",Journal of Geophysical Research: Solid Earth,10.1029/2023jb027565,https://doi.org/10.1029/2023jb027565,Article,,22,Earthquake source/fault-slip inversion; Landslide/slope/active-terrain deformation,Yes,Yes,,pub.1169535006,doi,10.1029/2023jb027565
R0082,Dimensions only,2024,"Linking 3D Long‐Term Slow‐Slip Cycle Models With Rupture Dynamics: The Nucleation of the 2014 Mw 7.3 Guerrero, Mexico Earthquake","Li, Duo; Gabriel, Alice‐Agnes",AGU Advances,10.1029/2023av000979,https://doi.org/10.1029/2023av000979,Article,,7,AI/neural surrogates/visualization/emerging sensing; Earthquake source/fault-slip inversion; Hydrology/gravity/mass redistribution,Yes,Yes,,pub.1170279626,doi,10.1029/2023av000979
R0083,Dimensions only,2024,Radar for Europa Assessment and Sounding: Ocean to Near-Surface (REASON),Donald D. Blankenship; Alina Moussessian; Elaine Chapin; Duncan A. Young; G. Wesley Patterson; Jeffrey J. Plaut; Adam P. Freedman; Dustin M. Schroeder; Cyril Grima; Gregor Steinbrügge; Krista M. Soderlund; Trina Ray; Thomas G. Richter; Laura Jones-Wilson; Natalie S. Wolfenbarger; Kirk M. Scanlan; Christopher Gerekos; Kristian Chan; Ilgin Seker; Mark S. Haynes; Amy C. Barr Mlinar; Lorenzo Bruzzone; Bruce A. Campbell; Lynn M. Carter; Charles Elachi; Yonggyu Gim; Alain Hérique; Hauke Hussmann; Wlodek Kofman; William S. Kurth; Marco Mastrogiuseppe; William B. McKinnon; Jeffrey M. Moore; Francis Nimmo; Carol Paty; Dirk Plettemeier; Britney E. Schmidt; Mikhail Y. Zolotov; Paul M. Schenk; Simon Collins; Harry Figueroa; Mark Fischman; Eric Tardiff; Andy Berkun; Mimi Paller; James P. Hoffman; Andy Kurum; Gregory A. Sadowy; Kevin B. Wheeler; Emmanuel Decrossas; Yasser Hussein; Curtis Jin; Frank Boldissar; Neil Chamberlain; Brenda Hernandez; Elham Maghsoudi; Jonathan Mihaly; Shana Worel; Vik Singh; Kyung Pak; Jordan Tanabe; Robert Johnson; Mohammad Ashtijou; Tafesse Alemu; Michael Burke; Brian Custodero; Michael C. Tope; David Hawkins; Kim Aaron; Gregory T. Delory; Paul S. Turin; Donald L. Kirchner; Karthik Srinivasan; Julie Xie; Brad Ortloff; Ian Tan; Tim Noh; Duane Clark; Vu Duong; Shivani Joshi; Jeng Lee; Elvis Merida; Ruzbeh Akbar; Xueyang Duan; Ines Fenni; Mauricio Sanchez-Barbetty; Chaitali Parashare; Duane C. Howard; Julie Newman; Marvin G. Cruz; Neil J. Barabas; Ahmadreza Amirahmadi; Brendon Palmer; Rohit S. Gawande; Grace Milroy; Rick Roberti; Frank E. Leader; Richard D. West; Jan Martin; Vijay Venkatesh; Virgil Adumitroaie; Christine Rains; Cuong Quach; Jordi E. Turner; Colleen M. O’Shea; Scott D. Kempf; Gregory Ng; Dillon P. Buhl; Timothy J. Urban,Space Science Reviews,10.1007/s11214-024-01072-3,https://doi.org/10.1007/s11214-024-01072-3,Article,,40,General geodetic inversion / Earth-observation modelling,Yes,Yes,,pub.1173269231,doi,10.1007/s11214-024-01072-3
R0084,Both,2024,Rapid early afterslip characteristics of the 2010 moment magnitude (Mw) 8.8 Maule earthquake determined with sub-daily GPS solutions,Liu K.; Wen Y.; Zeng J.; Geng J.; Li Z.; Xu C.,Satellite Navigation,10.1186/s43020-024-00145-6,https://doi.org/10.1186/s43020-024-00145-6,Article,8,7,Earthquake source/fault-slip inversion,Yes,Yes,2-s2.0-85200005476,pub.1174237631,doi,10.1186/s43020-024-00145-6
R0085,Dimensions only,2024,"Satellite Geodesy Uncovers 15 m of Slip on a Detachment Fault Prior to the 2018 Collapse at Anak Krakatau, Indonesia","Kim, Young Cheol; Wauthier, Christelle; Walter, Thomas R.",Geophysical Research Letters,10.1029/2024gl112296,https://doi.org/10.1029/2024gl112296,Article,,7,Earthquake source/fault-slip inversion,Yes,Yes,,pub.1182405272,doi,10.1029/2024gl112296
R0086,Scopus only,2024,Tectonic Tremor Observations Across Alaska,Wech A.G.,Tectonics and Seismic Structure of Alaska and Northwestern Canada: EarthScope and Beyond,10.1002/9781394195947.ch11,https://doi.org/10.1002/9781394195947.ch11,Book chapter,0,,AI/neural surrogates/visualization/emerging sensing; Regularization/weighting/model selection; Earthquake source/fault-slip inversion,Yes,Yes,2-s2.0-85214177281,,doi,10.1002/9781394195947.ch11
R0087,Both,2024,"The 2 December 2020 M W 4.6, Kallithea (Viotia), central Greece earthquake: a very shallow damaging rupture detected by InSAR and its role in strain accommodation by neotectonic normal faults",Valkaniotis S.; De Novellis V.; Ganas A.; Sansosti E.; Convertito V.; Briole P.; Tsironi V.; Karasante I.; Karamitros I.,Acta Geophysica,10.1007/s11600-023-01213-2,https://doi.org/10.1007/s11600-023-01213-2,Article,5,5,Regularization/weighting/model selection; Earthquake source/fault-slip inversion; Subsidence/reservoir/anthropogenic deformation,Yes,Yes,2-s2.0-85177055483,pub.1166188503,doi,10.1007/s11600-023-01213-2
R0088,Dimensions only,2024,Towards a geodetic earthquake catalogue for Central America: detecting coseismic deformation in Costa Rica using Sentinel-1 InSAR,"Araya, Maria C; Biggs, Juliet",Geophysical Journal International,10.1093/gji/ggae021,https://doi.org/10.1093/gji/ggae021,Article,,6,Earthquake source/fault-slip inversion,Yes,Yes,,pub.1167951790,doi,10.1093/gji/ggae021
R0089,Dimensions only,2024,Volcanic arc rigidity variations illuminated by coseismic deformation of the 2011 Tohoku-oki M9,"Puel, Simone; Becker, Thorsten W.; Villa, Umberto; Ghattas, Omar; Liu, Dunyu",Science Advances,10.1126/sciadv.adl4264,https://doi.org/10.1126/sciadv.adl4264,Article,,5,Earthquake source/fault-slip inversion,Yes,Yes,,pub.1172481095,doi,10.1126/sciadv.adl4264
R0090,Dimensions only,2023,2019 M7.1 Ridgecrest earthquake slip distribution controlled by fault geometry inherited from Independence dike swarm,"Nevitt, Johanna M.; Brooks, Benjamin A.; Hardebeck, Jeanne L.; Aagaard, Brad T.",Nature Communications,10.1038/s41467-023-36840-2,https://doi.org/10.1038/s41467-023-36840-2,Article,,14,Earthquake source/fault-slip inversion; Volcanic deformation/source geometry,Yes,No,,pub.1156339392,doi,10.1038/s41467-023-36840-2
R0091,Dimensions only,2023,Active Dipping Interface of the Southern San Andreas Fault Revealed by Space Geodetic and Seismic Imaging,"Vavra, Ellis J.; Qiu, Hongrui; Chi, Benxin; Share, Pieter‐Ewald; Allam, Amir; Morzfeld, Matthias; Vernon, Frank; Ben‐Zion, Yehuda; Fialko, Yuri",Journal of Geophysical Research: Solid Earth,10.1029/2023jb026811,https://doi.org/10.1029/2023jb026811,Article,,14,Earthquake source/fault-slip inversion,Yes,No,,pub.1165313234,doi,10.1029/2023jb026811
R0092,Both,2023,Cascading multi-segment rupture in an injection-induced earthquake sequence with a Mw 5.3 mainshock,Glasgow M.E.; Schmandt B.; Bilek S.L.,Earth and Planetary Science Letters,10.1016/j.epsl.2023.118335,https://doi.org/10.1016/j.epsl.2023.118335,Article,13,12,Earthquake source/fault-slip inversion; Subsidence/reservoir/anthropogenic deformation,Yes,No,2-s2.0-85172256176,pub.1163523116,doi,10.1016/j.epsl.2023.118335
R0093,Both,2023,Complex strike-slip faulting during the 2021 Mw7.4 Maduo earthquake,Wei G.; Chen K.; Lyu M.; Gong W.; Dal Zilio L.; Ye L.; Tu H.,Communications Earth and Environment,10.1038/s43247-023-00980-6,https://doi.org/10.1038/s43247-023-00980-6,Article,15,14,Regularization/weighting/model selection; Earthquake source/fault-slip inversion,Yes,No,2-s2.0-85170388271,pub.1163970697,doi,10.1038/s43247-023-00980-6
R0094,Dimensions only,2023,Complex tsunamigenic near-trench seafloor deformation during the 2011 Tohoku–Oki earthquake,"Zhang, Kai; Wang, Yanru; Luo, Yu; Zhao, Dineng; Wang, Mingwei; Yang, Fanlin; Wu, Ziyin",Nature Communications,10.1038/s41467-023-38970-z,https://doi.org/10.1038/s41467-023-38970-z,Article,,12,Regularization/weighting/model selection; Earthquake source/fault-slip inversion; Hydrology/gravity/mass redistribution,Yes,No,,pub.1158629589,doi,10.1038/s41467-023-38970-z
R0095,Dimensions only,2023,"Coseismic and early postseismic deformation associated with the January 2022 Mw 6.6 Menyuan earthquake, NE Tibet, revealed by InSAR Observations","Yang, Jiuyuan; Xu, Caijun; Wen, Yangmao",Tectonophysics,10.1016/j.tecto.2023.230090,https://doi.org/10.1016/j.tecto.2023.230090,Article,,5,Earthquake source/fault-slip inversion,Yes,No,,pub.1165558200,doi,10.1016/j.tecto.2023.230090
R0096,Dimensions only,2023,"Deformation, seismicity, and monitoring response preceding and during the 2022 Fagradalsfjall eruption, Iceland","Parks, Michelle; Sigmundsson, Freysteinn; Drouin, Vincent; Hjartardóttir, Ásta R.; Geirsson, Halldór; Hooper, Andrew; Vogfjörd, Kristín S.; Ófeigsson, Benedikt G.; Hreinsdóttir, Sigrún; Jensen, Esther H.; Einarsson, Páll; Barsotti, Sara; Fridriksdóttir, Hildur M.",Bulletin of Volcanology,10.1007/s00445-023-01671-y,https://doi.org/10.1007/s00445-023-01671-y,Article,,34,Volcanic deformation/source geometry,Yes,No,,pub.1164227194,doi,10.1007/s00445-023-01671-y
R0097,Dimensions only,2023,Evidence of Early Supershear Transition in the Mw 7.8 Kahramanmaraş Earthquake From Near-Field Records,"Rosakis, Ares; Abdelmeguid, Mohamed; Elbanna, Ahmed",arXiv,10.48550/arxiv.2302.07214,https://doi.org/10.48550/arxiv.2302.07214,Preprint,,6,Earthquake source/fault-slip inversion,Yes,No,,pub.1155382134,doi,10.48550/arxiv.2302.07214
R0098,Dimensions only,2023,Fault Coupling on a Creeping Thrust Fault: Joint Inversion Using Geodetic Data and Repeating Earthquakes,"Peng, Wei; Radiguet, Mathilde; Pathier, Erwan; Chen, Kate Huihsuan",Journal of Geophysical Research: Solid Earth,10.1029/2023jb026843,https://doi.org/10.1029/2023jb026843,Article,,6,Regularization/weighting/model selection; Earthquake source/fault-slip inversion,Yes,No,,pub.1163986247,doi,10.1029/2023jb026843
R0099,Both,2023,GBO algorithm for seismic source parameters inversion,Wang L.; Li H.,Geodesy and Geodynamics,10.1016/j.geog.2022.06.004,https://doi.org/10.1016/j.geog.2022.06.004,Article,8,6,Earthquake source/fault-slip inversion,Yes,No,2-s2.0-85139244913,pub.1150989145,doi,10.1016/j.geog.2022.06.004
R0100,Dimensions only,2023,Geodetic Inversions and Applications in Geodynamics,"Steblov, Grigory M.; Vladimirova, Irina S.",,10.1017/9781009180412.019,https://doi.org/10.1017/9781009180412.019,Chapter,,4,Hydrology/gravity/mass redistribution,Yes,No,,pub.1159934801,doi,10.1017/9781009180412.019
R0101,Dimensions only,2023,Geodetic modelling of the 2022 Mw 6.6 Menyuan earthquake: insight into the strain-partitioned northern Qilian Shan fault system and implications for regional tectonics and seismic hazards,"Zhang, Yingfeng; Chen, Jie; Gong, Wenyu; Han, Nana; Liu, Yunhua; Shan, Xinjian",Geophysical Journal International,10.1093/gji/ggad012,https://doi.org/10.1093/gji/ggad012,Article,,15,Earthquake source/fault-slip inversion; Landslide/slope/active-terrain deformation,Yes,No,,pub.1154641373,doi,10.1093/gji/ggad012
R0102,Scopus only,2023,InSAR coseismic deformation monitoring and source characteristics of the 2022 Qinghai Menyuan MW6.6 earthquake; [2022 年青海门源 MW6.6 地震 InSAR 同震形变场与震源特征],Zheng R.; Wang Q.; Zou R.; Wang J.,Chinese Journal of Geophysics,10.6038/cjg2022q0156,https://doi.org/10.6038/cjg2022q0156,Article,7,,Earthquake source/fault-slip inversion; Hydrology/gravity/mass redistribution,Yes,No,2-s2.0-105021648631,,doi,10.6038/cjg2022q0156
R0103,Dimensions only,2023,Interplay Between Seismic and Aseismic Deformation on the Central Range Fault During the 2013 Mw 6.3 Ruisui Earthquake (Taiwan),"Lin, Hsiao‐Fan; Gualandi, Adriano; Hsu, Yu‐Fang; Hsu, Ya‐Ju; Huang, Hsin‐Hua; Lee, Hsin‐Ming; Canitano, Alexandre",Journal of Geophysical Research: Solid Earth,10.1029/2023jb026861,https://doi.org/10.1029/2023jb026861,Article,,6,Regularization/weighting/model selection; Earthquake source/fault-slip inversion; Landslide/slope/active-terrain deformation,Yes,No,,pub.1163919017,doi,10.1029/2023jb026861
R0104,Dimensions only,2023,Joint inversion of GNSS and GRACE/GFO data for terrestrial water storage changes in the Yangtze River Basin,"Li, Xianpao; Zhong, Bo; Li, Jiancheng; Liu, Renli",Geophysical Journal International,10.1093/gji/ggad014,https://doi.org/10.1093/gji/ggad014,Article,,43,Regularization/weighting/model selection; Hydrology/gravity/mass redistribution,Yes,No,,pub.1154547654,doi,10.1093/gji/ggad014
R0105,Dimensions only,2023,Largest Aftershock Nucleation Driven by Afterslip During the 2014 Iquique Sequence,"Itoh, Yuji; Socquet, Anne; Radiguet, Mathilde",Geophysical Research Letters,10.1029/2023gl104852,https://doi.org/10.1029/2023gl104852,Article,,19,Earthquake source/fault-slip inversion; Landslide/slope/active-terrain deformation,Yes,No,,pub.1167261081,doi,10.1029/2023gl104852
R0106,Dimensions only,2023,"Megathrust complexity and the up-dip extent of slip during the 2021 Chignik, Alaska Peninsula earthquake","Liu, Chengli; Bai, Yefei; Lay, Thorne; Feng, Yashan; Xiong, Xiong",Tectonophysics,10.1016/j.tecto.2023.229808,https://doi.org/10.1016/j.tecto.2023.229808,Article,,13,Earthquake source/fault-slip inversion,Yes,No,,pub.1156454289,doi,10.1016/j.tecto.2023.229808
R0107,Dimensions only,2023,Modelling cascading ruptures on near-orthogonal strike-slip fault system: the 2019 Cotabato (the Philippines) earthquake sequence,"Jiang, Yu; Wei, Shengji; Hubbard, Judith; Hu, Wan-Lin; Salman, Rino",,10.5194/egusphere-egu23-16210,https://doi.org/10.5194/egusphere-egu23-16210,Article,,0,Regularization/weighting/model selection; Earthquake source/fault-slip inversion,Yes,No,,pub.1155768271,doi,10.5194/egusphere-egu23-16210
R0108,Dimensions only,2023,Oilfield Reservoir Parameter Inversion Based on 2D Ground Deformation Measurements Acquired by a Time-Series MSBAS-InSAR Method,"Liu, Anmengyun; Zhang, Rui; Yang, Yunjie; Wang, Tianyu; Wang, Ting; Shama, Age; Zhan, Runqing; Bao, Xin",Remote Sensing,10.3390/rs16010154,https://doi.org/10.3390/rs16010154,Article,,4,Regularization/weighting/model selection; Subsidence/reservoir/anthropogenic deformation,Yes,No,,pub.1167561038,doi,10.3390/rs16010154
R0109,Dimensions only,2023,Oilfield Reservoir Parameter Inversion Based on Ground Deformation 2D Measurements Acquired by MSBAS Time Series InSAR Method,"Liu, Anmengyun; Zhang, Rui; Yang, Yunjie; Wang, Tianyu; Wang, Ting; Shama, Age; Zhan, Runqing; Bao, Xin",Preprints.org,10.20944/preprints202311.1403.v1,https://doi.org/10.20944/preprints202311.1403.v1,Preprint,,3,Regularization/weighting/model selection; Subsidence/reservoir/anthropogenic deformation,Yes,No,,pub.1166308143,doi,10.20944/preprints202311.1403.v1
R0110,Dimensions only,2023,Recent Advances in the Geodesy Data Processing,,测绘学报（英文版）,10.11947/j.jggs.2023.0304,https://doi.org/10.11947/j.jggs.2023.0304,Article,,0,General geodetic inversion / Earth-observation modelling,Yes,No,,pub.1165394705,doi,10.11947/j.jggs.2023.0304
R0111,Both,2023,Second-order smoothness prior over the Delaunay Tessellation in Bayesian geophysical inversion,Niu Y.; Zhuang J.; Xiong Z.,Spatial Statistics,10.1016/j.spasta.2023.100735,https://doi.org/10.1016/j.spasta.2023.100735,Article,0,0,Regularization/weighting/model selection; Hydrology/gravity/mass redistribution,Yes,No,2-s2.0-85150370429,pub.1155844365,doi,10.1016/j.spasta.2023.100735
R0112,Both,2023,"Seismic faults of the 2022 Mw 6.6 Menyuan, Qinghai earthquake and their implication for the regional seismogenic structures; [2022年青海门源Mw 6.6地震的发震断层及孕震构造模式]",Feng W.; He X.; Zhang Y.; Fang L.; Samsonov S.; Zhang P.,Kexue Tongbao/Chinese Science Bulletin,10.1360/tb-2022-0154,https://doi.org/10.1360/tb-2022-0154,Article,39,28,Regularization/weighting/model selection; Earthquake source/fault-slip inversion; Landslide/slope/active-terrain deformation,Yes,No,2-s2.0-85147422256,pub.1146920873,doi,10.1360/tb-2022-0154
R0113,Dimensions only,2023,Seismic source identification of the 9 November 2022 Mw 5.5 offshore Adriatic sea (Italy) earthquake from GNSS data and aftershock relocation,"Pezzo, G.; Billi, A.; Carminati, E.; Conti, A.; De Gori, P.; Devoti, R.; Lucente, F. P.; Palano, M.; Petracchini, L.; Serpelloni, E.; Tavani, S.; Chiarabba, C.",Scientific Reports,10.1038/s41598-023-38150-5,https://doi.org/10.1038/s41598-023-38150-5,Article,,22,Earthquake source/fault-slip inversion; Subsidence/reservoir/anthropogenic deformation,Yes,No,,pub.1160746718,doi,10.1038/s41598-023-38150-5
R0114,Scopus only,2023,Source Model of the 2023 Turkey Earthquake Sequence Imaged by Sentinel-1 and GPS Measurements: Implications for Heterogeneous Fault Behavior along the East Anatolian Fault Zone,Li S.; Wang X.; Tao T.; Zhu Y.; Qu X.; Li Z.; Huang J.; Song S.,Remote Sensing,10.3390/rs15102618,https://doi.org/10.3390/rs15102618,Article,67,,Regularization/weighting/model selection; Earthquake source/fault-slip inversion,Yes,No,2-s2.0-85160651371,,doi,10.3390/rs15102618
R0115,Both,2023,Space Geodetic Views on the 2021 Central Greece Earthquake Sequence: 2D Deformation Maps Decomposed From Multi-Track and Multi-Temporal Sentinel-1 InSAR Data,Li Z.; Xu S.-S.; Ma Z.-F.,IEEE Journal of Selected Topics in Applied Earth Observations and Remote Sensing,10.1109/jstars.2023.3257234,https://doi.org/10.1109/jstars.2023.3257234,Article,2,2,Earthquake source/fault-slip inversion,Yes,No,2-s2.0-85151349865,pub.1156189422,doi,10.1109/jstars.2023.3257234
R0116,Dimensions only,2023,"Tectonic Implication of the 2022 MS 6.9 Earthquake in Menyuan, Qinghai, China: Analysis of Precise Earthquake Locations and InSAR","Yin, Xinxin; Zhai, Hongyu; Cai, Run; Qiu, Jiangtao; Zou, Xiaobo",Sensors,10.3390/s23042128,https://doi.org/10.3390/s23042128,Article,,0,Earthquake source/fault-slip inversion,Yes,No,,pub.1155411456,doi,10.3390/s23042128
R0117,Dimensions only,2023,"THE ""INTEGRATION OF SCIENCE AND EDUCATION, INTERNATIONAL COOPERATION"" MODE OF TRAINING TALENTS IN GEOMATICS","Zhao, C.; Li, Z.; Zhang, S.; Huang, G.; Yang, C.; Duan, S.",The International Archives of the Photogrammetry Remote Sensing and Spatial Information Sciences,10.5194/isprs-archives-xlviii-5-w1-2023-59-2023,https://doi.org/10.5194/isprs-archives-xlviii-5-w1-2023-59-2023,Article,,1,AI/neural surrogates/visualization/emerging sensing; Regularization/weighting/model selection,Yes,No,,pub.1158337500,doi,10.5194/isprs-archives-xlviii-5-w1-2023-59-2023
R0118,Dimensions only,2023,The 2021 Ms 6.0 Luxian (China) Earthquake: Blind Reverse‐Fault Rupture in Deep Sedimentary Formations Likely Induced by Pressure Perturbation From Hydraulic Fracturing,"Zhao, Yingwen; Jiang, Guoyan; Lei, Xinglin; Xu, Caijun; Zhao, Bin; Qiao, Xuejun",Geophysical Research Letters,10.1029/2023gl103209,https://doi.org/10.1029/2023gl103209,Article,,45,Earthquake source/fault-slip inversion,Yes,No,,pub.1157109975,doi,10.1029/2023gl103209
R0119,Dimensions only,2023,"The eruption in Fagradalsfjall (2021, Iceland): how the operational monitoring and the volcanic hazard assessment contributed to its safe access","Barsotti, S.; Parks, M. M.; Pfeffer, M. A.; Óladóttir, B. A.; Barnie, T.; Titos, M. M.; Jónsdóttir, K.; Pedersen, G. B. M.; Hjartardóttir, Á. R.; Stefansdóttir, G.; Johannsson, T.; Arason, Þ.; Gudmundsson, M. T.; Oddsson, B.; Þrastarson, R. H.; Ófeigsson, B. G.; Vogfjörd, K.; Geirsson, H.; Hjörvar, T.; von Löwis, S.; Petersen, G. N.; Sigurðsson, E. M.",Natural Hazards,10.1007/s11069-022-05798-7,https://doi.org/10.1007/s11069-022-05798-7,Article,,60,Volcanic deformation/source geometry,Yes,No,,pub.1154325886,doi,10.1007/s11069-022-05798-7
R0120,Dimensions only,2023,Water depth dependence of correlations in nontidal variations of ocean bottom pressure measurements and ensuing development of methods to detect slow slip events from the seafloor deformation signal,"Inoue, Tomohiro",,10.14989/doctor.k24423,https://doi.org/10.14989/doctor.k24423,Article,,0,Earthquake source/fault-slip inversion; Landslide/slope/active-terrain deformation,Yes,No,,pub.1172724498,doi,10.14989/doctor.k24423
R0121,Dimensions only,2022,Adaptation of Range-Doppler Algorithm for Efficient Beamforming of Monostatic and Multistatic Ultrasound Signals,"Jakovljevic, Marko; Michaelides, Roger; Biondi, Ettore; Hyun, Dongwoon; Zebker, Howard A.; Dahl, Jeremy J.",IEEE Transactions on Ultrasonics Ferroelectrics and Frequency Control,10.1109/tuffc.2022.3205923,https://doi.org/10.1109/tuffc.2022.3205923,Article,,7,AI/neural surrogates/visualization/emerging sensing; Regularization/weighting/model selection; Hydrology/gravity/mass redistribution,Yes,No,,pub.1150931790,doi,10.1109/tuffc.2022.3205923
R0122,Dimensions only,2022,Analysis of elevation abnormal fitting program design and implementation based on EIV model,"Tian, Jinsong; Tian, Jinjie; Hu, Mengdong",Proceedings of SPIE--the International Society for Optical Engineering,10.1117/12.2627594,https://doi.org/10.1117/12.2627594,Proceeding,,0,Regularization/weighting/model selection,Yes,No,,pub.1146220322,doi,10.1117/12.2627594
R0123,Both,2022,Aseismic Fault Slip During a Shallow Normal-Faulting Seismic Swarm Constrained Using a Physically Informed Geodetic Inversion Method,Jiang Y.; Samsonov S.V.; González P.J.,Journal of Geophysical Research: Solid Earth,10.1029/2021jb022621,https://doi.org/10.1029/2021jb022621,Article,12,12,Regularization/weighting/model selection; Earthquake source/fault-slip inversion,Yes,No,2-s2.0-85135130605,pub.1148995393,doi,10.1029/2021jb022621
R0124,Dimensions only,2022,Aseismic Fault Slip during a Shallow Normal-Faulting Seismic Swarm Constrained Using a Physically-Informed Geodetic Inversion Method,"Jiang, Yu; Samsonov, Sergey; González, Pablo J",ESSOAr,10.1002/essoar.10510181.3,https://doi.org/10.1002/essoar.10510181.3,Preprint,,0,Regularization/weighting/model selection; Earthquake source/fault-slip inversion,Yes,No,,pub.1149025980,doi,10.1002/essoar.10510181.3
R0125,Dimensions only,2022,Aseismic Fault Slip during a Shallow Normal-Faulting Seismic Swarm Constrained Using a Physically-Informed Geodetic Inversion Method,"Jiang, Yu; Samsonov, Sergey; González, Pablo J",ESSOAr,10.1002/essoar.10510181.2,https://doi.org/10.1002/essoar.10510181.2,Preprint,,0,Regularization/weighting/model selection; Earthquake source/fault-slip inversion,Yes,No,,pub.1147994732,doi,10.1002/essoar.10510181.2
R0126,Dimensions only,2022,Aseismic Fault Slip during a Shallow Normal-Faulting Seismic Swarm Constrained Using a Physically-Informed Geodetic Inversion Method,"Jiang, Yu; Samsonov, Sergey; González, Pablo J",ESSOAr,10.1002/essoar.10510181.1,https://doi.org/10.1002/essoar.10510181.1,Preprint,,0,Regularization/weighting/model selection; Earthquake source/fault-slip inversion,Yes,No,,pub.1144730364,doi,10.1002/essoar.10510181.1
R0127,Both,2022,"Co- and Postseismic Deformation of the 2020 Mw 6.3 Nima (Tibet, China) Earthquake Revealed by InSAR Observations",Zhang M.; Li Z.; Yu C.; Liu Z.; Zhang X.; Wang J.; Yang J.; Han B.; Peng J.,Remote Sensing,10.3390/rs14215390,https://doi.org/10.3390/rs14215390,Article,3,3,Earthquake source/fault-slip inversion,Yes,No,2-s2.0-85141863327,pub.1152273458,doi,10.3390/rs14215390
R0128,Dimensions only,2022,Coseismic and postseismic deformation of the 2016 Mw 6.0 Petermann ranges earthquake from satellite radar observations,"Han, Bingquan; Yang, Chengsheng; Li, Zhenhong; Yu, Chen; Zhao, Chaoying; Zhang, Qin",Advances in Space Research,10.1016/j.asr.2021.10.043,https://doi.org/10.1016/j.asr.2021.10.043,Article,,9,Earthquake source/fault-slip inversion,Yes,No,,pub.1142255078,doi,10.1016/j.asr.2021.10.043
R0129,Dimensions only,2022,Coseismic fault model of the 2017 M W 6.5 Jiuzhaigou earthquake and implications for the regional fault slip pattern,"Liu, Yang; Wen, Yangmao; Li, Zhicai; Peng, Ying; Xu, Caijun",Geodesy and Geodynamics,10.1016/j.geog.2021.09.009,https://doi.org/10.1016/j.geog.2021.09.009,Article,,5,Earthquake source/fault-slip inversion,Yes,No,,pub.1144264815,doi,10.1016/j.geog.2021.09.009
R0130,Dimensions only,2022,Coseismic fault slip inversion of the 2013 Lushan Ms 7.0 earthquake based on the triangular dislocation model,"Duan, HuRong; Chen, JiaYing; Zhang, ShuangCheng; Wu, XiaoLong; Chu, ZiMing",Scientific Reports,10.1038/s41598-022-07458-z,https://doi.org/10.1038/s41598-022-07458-z,Article,,7,AI/neural surrogates/visualization/emerging sensing; Earthquake source/fault-slip inversion,Yes,No,,pub.1146006830,doi,10.1038/s41598-022-07458-z
R0131,Dimensions only,2022,"Coseismic Slip Model of the 2021 Maduo Earthquake, China from Sentinel-1 InSAR Observation","Tong, Xiaopeng; Xu, Xiaohua; Chen, Shi",Remote Sensing,10.3390/rs14030436,https://doi.org/10.3390/rs14030436,Article,,22,Earthquake source/fault-slip inversion,Yes,No,,pub.1144771452,doi,10.3390/rs14030436
R0132,Dimensions only,2022,Deformation and seismicity decline before the 2021 Fagradalsfjall eruption,"Sigmundsson, Freysteinn; Parks, Michelle; Hooper, Andrew; Geirsson, Halldór; Vogfjörd, Kristín S.; Drouin, Vincent; Ófeigsson, Benedikt G.; Hreinsdóttir, Sigrún; Hjaltadóttir, Sigurlaug; Jónsdóttir, Kristín; Einarsson, Páll; Barsotti, Sara; Horálek, Josef; Ágústsdóttir, Thorbjörg",Nature,10.1038/s41586-022-05083-4,https://doi.org/10.1038/s41586-022-05083-4,Article,,107,Earthquake source/fault-slip inversion; Volcanic deformation/source geometry,Yes,No,,pub.1150992210,doi,10.1038/s41586-022-05083-4
R0133,Dimensions only,2022,"Double rupture event in the Tianshan Mountains: A case study of the 2021 Mw 5.3 Baicheng earthquake, NW China","Yushan, Ailixiati; Yusan, Sulitan; Liu, Daiqin; Li, Jie; Yasen, Abudutayier; Liu, Jianming; Chen, Li",Open Geosciences,10.1515/geo-2022-0448,https://doi.org/10.1515/geo-2022-0448,Article,,2,Earthquake source/fault-slip inversion,Yes,No,,pub.1154340437,doi,10.1515/geo-2022-0448
R0134,Dimensions only,2022,Dual threshold search method for asperity boundary determination based on geodetic and seismic catalog data,"Wang, Xiaohang; Zhou, Zhongzheng; Xu, Caijun; Wen, Yangmao; Liu, Hu",Geodesy and Geodynamics,10.1016/j.geog.2022.02.001,https://doi.org/10.1016/j.geog.2022.02.001,Article,,1,Earthquake source/fault-slip inversion,Yes,No,,pub.1146011871,doi,10.1016/j.geog.2022.02.001
R0135,Dimensions only,2022,Dynamic earthquake sequence simulation with an SBIEM accounting for interseismic poroelastic rebound,"Noda, Hiroyuki","Earth, Planets and Space",10.1186/s40623-022-01649-8,https://doi.org/10.1186/s40623-022-01649-8,Article,,8,Regularization/weighting/model selection; Earthquake source/fault-slip inversion; Hydrology/gravity/mass redistribution,Yes,No,,pub.1148549440,doi,10.1186/s40623-022-01649-8
R0136,Dimensions only,2022,"Evolution of deformation and seismicity on the Reykjanes Peninsula, preceding the 2021 Fagradalsfjall eruption, Iceland","Parks, Michelle; Vogfjörd, Kristín S.; Sigmundsson, Freysteinn; Hooper, Andrew; Geirsson, Halldór; Drouin, Vincent; Ófeigsson, Benedikt G.; Hreinsdóttir, Sigrún; Hjaltadóttir, Sigurlaug; Jónsdóttir, Kristín; Einarsson, Páll; Barsotti, Sara; Horálek, Josef; Ágústsdóttir, Thorbjörg",,10.5194/egusphere-egu22-13461,https://doi.org/10.5194/egusphere-egu22-13461,Article,,0,Earthquake source/fault-slip inversion; Volcanic deformation/source geometry,Yes,No,,pub.1146666603,doi,10.5194/egusphere-egu22-13461
R0137,Dimensions only,2022,Evolving magma temperature and volatile contents over the 2008–2018 summit eruption of Kīlauea Volcano,"Crozier, Josh; Karlstrom, Leif",Science Advances,10.1126/sciadv.abm4310,https://doi.org/10.1126/sciadv.abm4310,Article,,11,Volcanic deformation/source geometry,Yes,No,,pub.1148356209,doi,10.1126/sciadv.abm4310
R0138,Dimensions only,2022,Imaging evolution of Cascadia slow-slip event using high-rate GPS,"Itoh, Yuji; Aoki, Yosuke; Fukuda, Junichi",Scientific Reports,10.1038/s41598-022-10957-8,https://doi.org/10.1038/s41598-022-10957-8,Article,,23,Regularization/weighting/model selection; Earthquake source/fault-slip inversion; Landslide/slope/active-terrain deformation,Yes,No,,pub.1147551735,doi,10.1038/s41598-022-10957-8
R0139,Scopus only,2022,Impact of Ambiguity of Physical Properties of Three-Dimensional Crustal Structure Model on Coseismic Slip and Interseismic Slip Deficit in the Nankai Trough Region,Murakami S.; Ichimura T.; Fujita K.; Hori T.; Ohta Y.,GeoHazards,10.3390/geohazards3020009,https://doi.org/10.3390/geohazards3020009,Article,1,,Earthquake source/fault-slip inversion,Yes,No,2-s2.0-85185513001,,doi,10.3390/geohazards3020009
R0140,Dimensions only,2022,"InSAR data reveal that the largest hydraulic fracturing-induced earthquake in Canada, to date, is a slow-slip event","Eyre, Thomas S.; Samsonov, Sergey; Feng, Wanpeng; Kao, Honn; Eaton, David W.",Scientific Reports,10.1038/s41598-022-06129-3,https://doi.org/10.1038/s41598-022-06129-3,Article,,51,Earthquake source/fault-slip inversion; Subsidence/reservoir/anthropogenic deformation; Landslide/slope/active-terrain deformation,Yes,No,,pub.1145332437,doi,10.1038/s41598-022-06129-3
R0141,Dimensions only,2022,Interseismic Coupling Along the Xianshuihe-Xiaojiang Fault System,"Li, Yanchuan; Shan, Xinjian",,10.1007/978-981-16-8607-8_7,https://doi.org/10.1007/978-981-16-8607-8_7,Chapter,,3,Earthquake source/fault-slip inversion,Yes,No,,pub.1147770298,doi,10.1007/978-981-16-8607-8_7
R0142,Scopus only,2022,Multi-dimensional and long-term time series monitoring and early warning of landslide hazard with improved cross-platform SAR offset tracking method,Yin Y.P.; Liu X.J.; Zhao C.Y.; Tomás R.; Zhang Q.; Lu Z.; Li B.,Science China Technological Sciences,10.1007/s11431-021-2008-6,https://doi.org/10.1007/s11431-021-2008-6,Article,42,,Regularization/weighting/model selection; Subsidence/reservoir/anthropogenic deformation; Landslide/slope/active-terrain deformation,Yes,No,2-s2.0-85134327631,,doi,10.1007/s11431-021-2008-6
R0143,Dimensions only,2022,Nowcasting Earthquake Occurrence in Sabah,"Chin, Su Na; Felix, Tongkul; Omar, Zaturrawiah A.; Rodeano, Roslee",IOP Conference Series Earth and Environmental Science,10.1088/1755-1315/1103/1/012041,https://doi.org/10.1088/1755-1315/1103/1/012041,Article,,0,Earthquake source/fault-slip inversion,Yes,No,,pub.1153024855,doi,10.1088/1755-1315/1103/1/012041
R0144,Both,2022,Optimizing a Model of Coseismic Rupture for the 22 July 2020 MW 7.8 Simeonof Earthquake by Exploiting Acute Sensitivity of Tsunami Excitation Across the Shelf Break,Bai Y.; Liu C.; Lay T.; Cheung K.F.; Ye L.,Journal of Geophysical Research: Solid Earth,10.1029/2022jb024484,https://doi.org/10.1029/2022jb024484,Article,20,19,Earthquake source/fault-slip inversion; Landslide/slope/active-terrain deformation,Yes,No,2-s2.0-85135106747,pub.1148865739,doi,10.1029/2022jb024484
R0145,Both,2022,Post-Seismic to Co-Seismic Moment Ratios for the 2016 Moderate Earthquakes Along Chaman Fault,Furuya M.; Matsumoto F.,Geophysical Research Letters,10.1029/2021gl095236,https://doi.org/10.1029/2021gl095236,Article,5,5,Earthquake source/fault-slip inversion,Yes,No,2-s2.0-85122739616,pub.1144106690,doi,10.1029/2021gl095236
R0146,Scopus only,2022,Present deformation of ~90° intersecting conjugate faults and mechanical implication to regional tectonics: A case study of 2019 MW≥6.4 Philippines earthquake sequence; [交角约90°共轭断裂的现今形变及对构造应力场的指示意义-以2019年MW≥6.4菲律宾地震序列为例],Wang Y.-Q.; Feng W.-P.; Zhang P.-Z.,Dizhen Dizhi,10.3969/j.issn.0253-4967.2022.02.003,https://doi.org/10.3969/j.issn.0253-4967.2022.02.003,Article,5,,Regularization/weighting/model selection; Earthquake source/fault-slip inversion,Yes,No,2-s2.0-85131582976,,doi,10.3969/j.issn.0253-4967.2022.02.003
R0147,Both,2022,Reservoir depressurization driven by passive gas emissions at Ambrym volcano,Shreve T.; Grandin R.; Boichu M.,Earth and Planetary Science Letters,10.1016/j.epsl.2022.117512,https://doi.org/10.1016/j.epsl.2022.117512,Article,16,16,AI/neural surrogates/visualization/emerging sensing; Volcanic deformation/source geometry; Subsidence/reservoir/anthropogenic deformation,Yes,No,2-s2.0-85128783069,pub.1146944973,doi,10.1016/j.epsl.2022.117512
R0148,Dimensions only,2022,Segmentation of Shallow Slow Slip Events at the Hikurangi Subduction Zone Explained by Along‐Strike Changes in Fault Geometry and Plate Convergence Rates,"Perez‐Silva, Andrea; Kaneko, Yoshihiro; Savage, Martha; Wallace, Laura; Li, Duo; Williams, Charles",Journal of Geophysical Research: Solid Earth,10.1029/2021jb022913,https://doi.org/10.1029/2021jb022913,Article,,13,Earthquake source/fault-slip inversion; Landslide/slope/active-terrain deformation,Yes,No,,pub.1144544887,doi,10.1029/2021jb022913
R0149,Dimensions only,2022,Seismological and Geodetic Observations of the 2016 Kumamoto Earthquake Sequence,"Tsutsumi, Hiroyuki; Toda, Shinji",Advances in Geological Science,10.1007/978-981-19-1150-7_4,https://doi.org/10.1007/978-981-19-1150-7_4,Chapter,,0,Earthquake source/fault-slip inversion,Yes,No,,pub.1150047665,doi,10.1007/978-981-19-1150-7_4
R0150,Dimensions only,2022,Site Effect Study based on Magnitude 4~5 InSight Marsquakes,"Xiao, Wanbo; Lognonné, Philippe; Kawamura, Taichi; Xu, Zongbo; Carrasco, Sebastián; Knapmeyer-Endrun, Brigitte",,10.5194/epsc2022-816,https://doi.org/10.5194/epsc2022-816,Article,,0,Regularization/weighting/model selection,Yes,No,,pub.1151296039,doi,10.5194/epsc2022-816
R0151,Dimensions only,2022,"Source model for buried thrust-dominated earthquakes using partial InSAR displacements: the 2018 Lombok, Indonesia, earthquake sequence","Wang, Xiaohang; Xu, Caijun; Xiao, Zhuohui; Peng, Ying",Geophysical Journal International,10.1093/gji/ggab532,https://doi.org/10.1093/gji/ggab532,Article,,4,Earthquake source/fault-slip inversion,Yes,No,,pub.1144339882,doi,10.1093/gji/ggab532
R0152,Dimensions only,2022,Static Stress Implication for Kīlauea Volcano Subsequent Activity by the 2018 Hawai‘I Earthquake,"Zhang, Lupeng; Huang, Dingfa; Guo, Rumeng",SSRN Electronic Journal,10.2139/ssrn.4179150,https://doi.org/10.2139/ssrn.4179150,Preprint,,0,AI/neural surrogates/visualization/emerging sensing; Earthquake source/fault-slip inversion; Volcanic deformation/source geometry,Yes,No,,pub.1149973419,doi,10.2139/ssrn.4179150
R0153,Both,2022,"Subduction earthquakes controlled by incoming plate geometry: The 2020 M > 7.5 Shumagin, Alaska, earthquake doublet",Jiang Y.; González P.J.; Bürgmann R.,Earth and Planetary Science Letters,10.1016/j.epsl.2022.117447,https://doi.org/10.1016/j.epsl.2022.117447,Article,22,20,Regularization/weighting/model selection; Earthquake source/fault-slip inversion,Yes,No,2-s2.0-85126865886,pub.1146543781,doi,10.1016/j.epsl.2022.117447
R0154,Dimensions only,2022,"Subduction earthquakes controlled by incoming plate geometry: The 2020 M>7.5 Shumagin, Alaska, earthquake doublet","Jiang, Yu; González, Pablo; Bürgmann, Roland",EarthArXiv,10.31223/x5h91j,https://doi.org/10.31223/x5h91j,Preprint,,0,Regularization/weighting/model selection; Earthquake source/fault-slip inversion,Yes,No,,pub.1139297983,doi,10.31223/x5h91j
R0155,Dimensions only,2022,"The 2021 Mw7.4 Maduo earthquake: Coseismic slip model, triggering effect of historical earthquakes and implications for adjacent fault rupture potential","Liu, Xianwen; Chen, Qiang; Yang, Yinghui; Xu, Qian; Zhao, Jingjing; Xu, Lang; Liu, Rong",Journal of Geodynamics,10.1016/j.jog.2022.101920,https://doi.org/10.1016/j.jog.2022.101920,Article,,13,AI/neural surrogates/visualization/emerging sensing; Earthquake source/fault-slip inversion,Yes,No,,pub.1147116946,doi,10.1016/j.jog.2022.101920
R0156,Dimensions only,2022,"The Arkalochori Mw = 5.9 Earthquake of 27 September 2021 Inside the Heraklion Basin: A Shallow, Blind Rupture Event Highlighting the Orthogonal Extension of Central Crete","Ganas, Athanassios; Hamiel, Yariv; Serpetsidaki, Anna; Briole, Pierre; Valkaniotis, Sotiris; Fassoulas, Charalampos; Piatibratova, Oksana; Kranis, Haralambos; Tsironi, Varvara; Karamitros, Ioannis; Elias, Panagiotis; Vassilakis, Emmanuel",Geosciences,10.3390/geosciences12060220,https://doi.org/10.3390/geosciences12060220,Article,,20,Earthquake source/fault-slip inversion; Subsidence/reservoir/anthropogenic deformation,Yes,No,,pub.1148137591,doi,10.3390/geosciences12060220
R0157,Dimensions only,2022,The Impact of Ice Caps on the Mechanical Stability of Magmatic Systems: Implications for Forecasting on Human Timescales,"Lucas, Lilian C.; Albright, John A.; Gregg, Patricia M.; Zhan, Yan",Frontiers in Earth Science,10.3389/feart.2022.868569,https://doi.org/10.3389/feart.2022.868569,Article,,9,AI/neural surrogates/visualization/emerging sensing; Volcanic deformation/source geometry,Yes,No,,pub.1147497851,doi,10.3389/feart.2022.868569
R0158,Dimensions only,2022,The magmatic web beneath Hawai‘i,"Wilding, John D; Zhu, Weiqiang; Ross, Zachary E; Jackson, Jennifer M",Science,10.1126/science.ade5755,https://doi.org/10.1126/science.ade5755,Article,,96,AI/neural surrogates/visualization/emerging sensing; Earthquake source/fault-slip inversion; Volcanic deformation/source geometry,Yes,No,,pub.1153914221,doi,10.1126/science.ade5755
R0159,Both,2022,The northern Hikurangi margin three-dimensional plate interface in New Zealand remains rough 100 km from the trench,Leah H.; Fagereng Å.; Bastow I.; Bell R.; Lane V.; Henrys S.; Jacobs K.; Fry B.,Geology,10.1130/g50272.1,https://doi.org/10.1130/g50272.1,Article,7,7,Earthquake source/fault-slip inversion; Landslide/slope/active-terrain deformation,Yes,No,2-s2.0-85141795311,pub.1150640626,doi,10.1130/g50272.1
R0160,Both,2022,Three Mw ≥ 4.7 Earthquakes Within the Changning (China) Shale Gas Field Ruptured Shallow Faults Intersecting With Hydraulic Fracturing Wells,Wang S.; Jiang G.; Lei X.; Barbour A.J.; Tan X.; Xu C.; Xu X.,Journal of Geophysical Research: Solid Earth,10.1029/2021jb022946,https://doi.org/10.1029/2021jb022946,Article,53,44,Earthquake source/fault-slip inversion; Subsidence/reservoir/anthropogenic deformation,Yes,No,2-s2.0-85125152210,pub.1144974478,doi,10.1029/2021jb022946
R0161,Dimensions only,2022,Transient aseismic slip and crustal shortening following 2017 Iran-Iraq (Sarpol-e Zahab) Mw 7.3 Earthquake Inferred from 3 years of InSAR Observations,"Guo, Zelong; Motagh, Mahdi; Hu, Jyr-Ching; Xu, Guangyu; Haghighi, Mahmud Haghshenas; Bahroudi, Abbas; Fathian, Aram",,10.5194/egusphere-egu22-2737,https://doi.org/10.5194/egusphere-egu22-2737,Article,,0,AI/neural surrogates/visualization/emerging sensing; Earthquake source/fault-slip inversion,Yes,No,,pub.1146609595,doi,10.5194/egusphere-egu22-2737
R0162,Dimensions only,2022,Triggering and recovery of earthquake accelerated landslides in Central Italy revealed by satellite radar observations,"Song, Chuang; Yu, Chen; Li, Zhenhong; Utili, Stefano; Frattini, Paolo; Crosta, Giovanni; Peng, Jianbing",Nature Communications,10.1038/s41467-022-35035-5,https://doi.org/10.1038/s41467-022-35035-5,Article,,106,Earthquake source/fault-slip inversion; Landslide/slope/active-terrain deformation,Yes,No,,pub.1153202210,doi,10.1038/s41467-022-35035-5
R0163,Dimensions only,2022,Updated concepts of seismic gaps and asperities to assess great earthquake hazard along South America,"Lay, Thorne; Nishenko, Stuart P.",Proceedings of the National Academy of Sciences of the United States of America,10.1073/pnas.2216843119,https://doi.org/10.1073/pnas.2216843119,Article,,29,Regularization/weighting/model selection; Earthquake source/fault-slip inversion; Landslide/slope/active-terrain deformation,Yes,No,,pub.1153600757,doi,10.1073/pnas.2216843119
R0164,Both,2021,2000 Uglegorsk earthquake,Polets A.Yu.,IOP Conference Series: Earth and Environmental Science,10.1088/1755-1315/946/1/012005,https://doi.org/10.1088/1755-1315/946/1/012005,Conference paper,0,0,Regularization/weighting/model selection; Earthquake source/fault-slip inversion,Yes,No,2-s2.0-85122322863,pub.1143844469,doi,10.1088/1755-1315/946/1/012005
R0165,Dimensions only,2021,"3D Modeling of Long‐Term Slow Slip Events Along the Flat‐Slab Segment in the Guerrero Seismic Gap, Mexico","Perez‐Silva, Andrea; Li, Duo; Gabriel, Alice‐Agnes; Kaneko, Yoshihiro",Geophysical Research Letters,10.1029/2021gl092968,https://doi.org/10.1029/2021gl092968,Article,,11,Earthquake source/fault-slip inversion; Landslide/slope/active-terrain deformation,Yes,No,,pub.1139018320,doi,10.1029/2021gl092968
R0166,Dimensions only,2021,A Pseudo-SBAS Method To Invert 2D Deformations of The 2021 Central Greece Earthquake Sequence Using Multi-Track And Multi-Temporal Sentinel-1 SAR Data,"Ma, Zhangfeng; Liu, Xiaojie; Huang, Qihuan; Li, Guihua; Liu, Jihong; Zhou, Cheng; Hu, Jia; Gao, Zhuang; Sha, Pengcheng; Cui, Yan; Qin, Shuhong; Huang, Teng; Gao, Jiandong",Research Square,10.21203/rs.3.rs-819348/v1,https://doi.org/10.21203/rs.3.rs-819348/v1,Preprint,,2,AI/neural surrogates/visualization/emerging sensing; Earthquake source/fault-slip inversion; Landslide/slope/active-terrain deformation,Yes,No,,pub.1140786544,doi,10.21203/rs.3.rs-819348/v1
R0167,Dimensions only,2021,A review of empirical orthogonal function (EOF) with an emphasis on the co-seismic crustal deformation analysis,"Neha; Pasari, Sumanta",Natural Hazards,10.1007/s11069-021-04967-4,https://doi.org/10.1007/s11069-021-04967-4,Article,,21,Earthquake source/fault-slip inversion,Yes,No,,pub.1140591945,doi,10.1007/s11069-021-04967-4
R0168,Dimensions only,2021,Cascadia megathrust earthquake rupture model constrained by geodetic fault locking,"Li, Duo; Liu, Yajing",Philosophical Transactions of the Royal Society A Mathematical Physical and Engineering Sciences,10.1098/rsta.2020.0135,https://doi.org/10.1098/rsta.2020.0135,Article,,14,Earthquake source/fault-slip inversion; Subsidence/reservoir/anthropogenic deformation,Yes,No,,pub.1136396057,doi,10.1098/rsta.2020.0135
R0169,Dimensions only,2021,Co- and postseismic slip behaviors extracted from decadal seafloor geodesy after the 2011 Tohoku-oki earthquake,"Watanabe, Shun-ichi; Ishikawa, Tadashi; Nakamura, Yuto; Yokota, Yusuke","Earth, Planets and Space",10.1186/s40623-021-01487-0,https://doi.org/10.1186/s40623-021-01487-0,Article,,37,Earthquake source/fault-slip inversion; Subsidence/reservoir/anthropogenic deformation,Yes,No,,pub.1140388221,doi,10.1186/s40623-021-01487-0
R0170,Scopus only,2021,Combined geodetic and seismological study of the december 2020 Mw = 4.6 Thiva (central Greece) shallow earthquake,Elias P.; Spingos I.; Kaviris G.; Karavias A.; Gatsios T.; Sakkas V.; Parcharidis I.,Applied Sciences (Switzerland),10.3390/app11135947,https://doi.org/10.3390/app11135947,Article,12,,Earthquake source/fault-slip inversion,Yes,No,2-s2.0-85109269138,,doi,10.3390/app11135947
R0171,Dimensions only,2021,"Comprehensive Investigation of Capabilities of the Left-Looking InSAR Observations in Coseismic Surface Deformation Mapping and Faulting Model Estimation Using Multi-Pass Measurements: An Example of the 2016 Kumamoto, Japan Earthquake","Yang, Ying-Hui; Chen, Qiang; Xu, Qian; Zhao, Jing-Jing; Hu, Jyr-Ching; Li, Hao-Liang; Xu, Lang",Remote Sensing,10.3390/rs13112034,https://doi.org/10.3390/rs13112034,Article,,4,Earthquake source/fault-slip inversion; Volcanic deformation/source geometry,Yes,No,,pub.1138320528,doi,10.3390/rs13112034
R0172,Dimensions only,2021,Coseismic fault-slip distribution of the 2019 Ridgecrest Mw6.4 and Mw7.1 earthquakes,"Gao, Yang; Duan, HuRong; Zhang, YongZhi; Chen, JiaYing; Jian, HeTing; Wu, Rui; Yin, WenHao",Scientific Reports,10.1038/s41598-021-93521-0,https://doi.org/10.1038/s41598-021-93521-0,Article,,3,Earthquake source/fault-slip inversion,Yes,No,,pub.1139545430,doi,10.1038/s41598-021-93521-0
R0173,Dimensions only,2021,Development of a Trans‐Dimensional Fault Slip Inversion for Geodetic Data,"Tomita, Fumiaki; Iinuma, Takeshi; Agata, Ryoichiro; Hori, Takane",Journal of Geophysical Research: Solid Earth,10.1029/2020jb020991,https://doi.org/10.1029/2020jb020991,Article,,17,Regularization/weighting/model selection; Earthquake source/fault-slip inversion,Yes,No,,pub.1136907104,doi,10.1029/2020jb020991
R0174,Dimensions only,2021,"Earthquake Source Investigation of the Kanallaki, March 2020 Sequence (North-Western Greece) Based on Seismic and Geodetic Data","Svigkas, Nikos; Kiratzi, Anastasia; Antonioli, Andrea; Atzori, Simone; Tolomei, Cristiano; Salvi, Stefano; Polcari, Marco; Bignami, Christian",Remote Sensing,10.3390/rs13091752,https://doi.org/10.3390/rs13091752,Article,,4,Earthquake source/fault-slip inversion,Yes,No,,pub.1137675391,doi,10.3390/rs13091752
R0175,Both,2021,Geodetic model of the march 2021 thessaly seismic sequence inferred from seismological and insar data,De Novellis V.; Reale D.; Adinolfi G.M.; Sansosti E.; Convertito V.,Remote Sensing,10.3390/rs13173410,https://doi.org/10.3390/rs13173410,Article,25,21,Earthquake source/fault-slip inversion,Yes,No,2-s2.0-85114016003,pub.1140792990,doi,10.3390/rs13173410
R0176,Dimensions only,2021,"Geometry-dependent rupture process of the 2015 Gorkha, Nepal, earthquake determined using a dip-varying inversion approach with teleseismic, high-rate GPS, static GPS and InSAR data","Xu, Yueyi; Zhang, Yong; Xu, Lisheng",Geophysical Journal International,10.1093/gji/ggab519,https://doi.org/10.1093/gji/ggab519,Article,,7,Earthquake source/fault-slip inversion,Yes,No,,pub.1144139702,doi,10.1093/gji/ggab519
R0177,Dimensions only,2021,Modeling surface deformation of geothermal environments with high-fidelity finite element models,"Tung, Sui; Feigl, Kurt",,10.5194/egusphere-egu21-13413,https://doi.org/10.5194/egusphere-egu21-13413,Article,,0,Regularization/weighting/model selection; Subsidence/reservoir/anthropogenic deformation,Yes,No,,pub.1136035524,doi,10.5194/egusphere-egu21-13413
R0178,Dimensions only,2021,"Multifault Opposing‐Dip Strike‐Slip and Normal‐Fault Rupture During the 2020 Mw 6.5 Stanley, Idaho Earthquake","Yang, Jidong; Zhu, Hejun; Lay, Thorne; Niu, Yufeng; Ye, Lingling; Lu, Zhong; Luo, Bingxu; Kanamori, Hiroo; Huang, Jianping; Li, Zhenchun",Geophysical Research Letters,10.1029/2021gl092510,https://doi.org/10.1029/2021gl092510,Article,,17,Earthquake source/fault-slip inversion; Landslide/slope/active-terrain deformation,Yes,No,,pub.1137735038,doi,10.1029/2021gl092510
R0179,Dimensions only,2021,New Insights Into the Slip Budget at Nankai: An Iterative Approach to Estimate Coseismic Slip and Afterslip,"Sherrill, E. M.; Johnson, K. M.",Journal of Geophysical Research: Solid Earth,10.1029/2020jb020833,https://doi.org/10.1029/2020jb020833,Article,,22,Earthquake source/fault-slip inversion; Landslide/slope/active-terrain deformation,Yes,No,,pub.1133690864,doi,10.1029/2020jb020833
R0180,Dimensions only,2021,New Megathrust Locking Model for the Southern Kurile Subduction Zone Incorporating Viscoelastic Relaxation and Non‐Uniform Compliance of Upper Plate,"Itoh, Yuji; Nishimura, Takuya; Wang, Kelin; He, Jiangheng",Journal of Geophysical Research: Solid Earth,10.1029/2020jb019981,https://doi.org/10.1029/2020jb019981,Article,,17,Regularization/weighting/model selection; Earthquake source/fault-slip inversion,Yes,No,,pub.1137464019,doi,10.1029/2020jb019981
R0181,Scopus only,2021,Particle Swarm Optimization Algorithm with Dynamic Inertia Factors for Inversion of Fault Parameters; [断层参数反演的动态惯性因子的粒子群算法],Wang L.; Jin X.; Xu G.,Wuhan Daxue Xuebao (Xinxi Kexue Ban)/Geomatics and Information Science of Wuhan University,10.13203/j.whugis20190321,https://doi.org/10.13203/j.whugis20190321,Article,12,,Earthquake source/fault-slip inversion,Yes,No,2-s2.0-85104560783,,doi,10.13203/j.whugis20190321
R0182,Dimensions only,2021,Ridge estimation iterative solution of ill-posed mixed additive and multiplicative random error model with equality constraints,"Wang, Leyang; Chen, Tao",Geodesy and Geodynamics,10.1016/j.geog.2021.07.003,https://doi.org/10.1016/j.geog.2021.07.003,Article,,11,Regularization/weighting/model selection,Yes,No,,pub.1140179672,doi,10.1016/j.geog.2021.07.003
R0183,Dimensions only,2021,"Seismic hazard of multi-segment rupturing for the Anninghe–Zemuhe–Daliangshan fault region, southeastern Tibetan Plateau: constraints from geological and geodetic slip rates","Cheng, Jia; Xu, Xiwei; Yao, Qi; Yang, Xiaodong; Chen, Hua",Natural Hazards,10.1007/s11069-021-04643-7,https://doi.org/10.1007/s11069-021-04643-7,Article,,22,Earthquake source/fault-slip inversion,Yes,No,,pub.1135742055,doi,10.1007/s11069-021-04643-7
R0184,Both,2021,Southward growth of Mauna Loa’s dike-like magma body driven by topographic stress,Varugu B.; Amelung F.,Scientific Reports,10.1038/s41598-021-89203-6,https://doi.org/10.1038/s41598-021-89203-6,Article,25,24,Earthquake source/fault-slip inversion; Volcanic deformation/source geometry; Subsidence/reservoir/anthropogenic deformation,Yes,No,2-s2.0-85105570260,pub.1137883664,doi,10.1038/s41598-021-89203-6
R0185,Scopus only,2021,The 21 May 2021 MS6.4 Yangbi (Yunnan) earthquake: A shallow strike-slip event rupturing in a blind fault; [2021年5月21日云南漾濞MS6.4地震: 一次破裂在隐伏断层上的浅源走滑事件],Yang J.; Wen Y.; Xu C.,Chinese Journal of Geophysics,10.6038/cjg2021p0408,https://doi.org/10.6038/cjg2021p0408,Article,29,,Earthquake source/fault-slip inversion,Yes,No,2-s2.0-85114628043,,doi,10.6038/cjg2021p0408
R0186,Dimensions only,2021,The ambiguous fault geometry derived from InSAR measurements of buried thrust earthquakes: a synthetic data based study,"Zhang, Yingfeng; Shan, Xinjian; Gong, Wenyu; Zhang, Guohong",Geophysical Journal International,10.1093/gji/ggab021,https://doi.org/10.1093/gji/ggab021,Article,,16,Earthquake source/fault-slip inversion,Yes,No,,pub.1136594209,doi,10.1093/gji/ggab021
R0187,Dimensions only,2021,The source scaling and seismic productivity of slow slip transients,"Passarelli, Luigi; Selvadurai, Paul Antony; Rivalta, Eleonora; Jónsson, Sigurjón",Science Advances,10.1126/sciadv.abg9718,https://doi.org/10.1126/sciadv.abg9718,Article,,39,Earthquake source/fault-slip inversion; Landslide/slope/active-terrain deformation,Yes,No,,pub.1140194321,doi,10.1126/sciadv.abg9718
R0188,Dimensions only,2021,Triggering an unexpected earthquake in an uncoupled subduction zone,"Herman, Matthew W.; Furlong, Kevin P.",Science Advances,10.1126/sciadv.abf7590,https://doi.org/10.1126/sciadv.abf7590,Article,,46,Earthquake source/fault-slip inversion; Hydrology/gravity/mass redistribution,Yes,No,,pub.1136650866,doi,10.1126/sciadv.abf7590
R0189,Dimensions only,2021,"Whats down there? The structures, materials and environment of deep-seated slow slip and tremor","Behr, Whitney M.; Brgmann, Roland",Philosophical Transactions of the Royal Society A Mathematical Physical and Engineering Sciences,10.1098/rsta.2020.0218,https://doi.org/10.1098/rsta.2020.0218,Article,,176,Earthquake source/fault-slip inversion; Landslide/slope/active-terrain deformation,Yes,No,,pub.1135023803,doi,10.1098/rsta.2020.0218
R0190,Both,2020,"3-D joint geodetic and strong-motion finite fault inversion of the 2008 May 12,Wenchuan, China Earthquake",Ramirez-Guzman L.; Hartzell S.,Geophysical Journal International,10.1093/gji/ggaa239,https://doi.org/10.1093/gji/ggaa239,Article,8,7,Earthquake source/fault-slip inversion; Landslide/slope/active-terrain deformation,Yes,No,2-s2.0-85102033364,pub.1127557404,doi,10.1093/gji/ggaa239
R0191,Dimensions only,2020,A-optimal design method to determine the regularization parameter of coseismic slip distribution inversion,"Wang, Leyang; Gu, Wangwang",Geophysical Journal International,10.1093/gji/ggaa030,https://doi.org/10.1093/gji/ggaa030,Article,,10,Regularization/weighting/model selection; Earthquake source/fault-slip inversion,Yes,No,,pub.1124128805,doi,10.1093/gji/ggaa030
R0192,Scopus only,2020,Bayesian Inversion of Wrapped Satellite Interferometric Phase to Estimate Fault and Volcano Surface Ground Deformation Models,Jiang Y.; González P.J.,Journal of Geophysical Research: Solid Earth,10.1029/2019jb018313,https://doi.org/10.1029/2019jb018313,Article,8,,Regularization/weighting/model selection; Earthquake source/fault-slip inversion,Yes,No,2-s2.0-85085494227,,doi,10.1029/2019jb018313
R0193,Scopus only,2020,Characterizing seismogenic fault of 2016 Dingjie earthquake based on multitemporal DInSAR; [基于多期DInSAR数据的2016年定结地震序列发震断层特征研究],Hou L.; Shan X.; Gong W.; Zhang Y.; Luo H.; Zhao D.,Chinese Journal of Geophysics,10.6038/cjg2020n0298,https://doi.org/10.6038/cjg2020n0298,Article,20,,Earthquake source/fault-slip inversion,Yes,No,2-s2.0-85082929483,,doi,10.6038/cjg2020n0298
R0194,Dimensions only,2020,"Coincident locations of rupture nucleation during the 2019 Le Teil earthquake, France and maximum stress change from local cement quarrying","De Novellis, Vincenzo; Convertito, Vincenzo; Valkaniotis, Sotiris; Casu, Francesco; Lanari, Riccardo; Monterroso Tobar, Mario Fernando; Pino, Nicola Alessandro",Communications Earth & Environment,10.1038/s43247-020-00021-6,https://doi.org/10.1038/s43247-020-00021-6,Article,,22,Earthquake source/fault-slip inversion; Landslide/slope/active-terrain deformation,Yes,No,,pub.1130964046,doi,10.1038/s43247-020-00021-6
R0195,Dimensions only,2020,"Coseismic Rupture Geometry and Slip Rupture Process During the 2018 Mw 7.1 Anchorage, South‐Central Alaska Earthquake: Intraplate Normal Faulting by Slab Tear Constrained by Geodetic and Teleseismic Data","He, Ping; Wen, Yangmao; Chen, Yunguo; Xu, Caijun; Ding, Kaihua",Earth and Space Science,10.1029/2019ea000924,https://doi.org/10.1029/2019ea000924,Article,,11,Earthquake source/fault-slip inversion; Subsidence/reservoir/anthropogenic deformation,Yes,No,,pub.1123791674,doi,10.1029/2019ea000924
R0196,Dimensions only,2020,Deformation across the mantle transition zone: A theoretical mineral physics view,"Ritterbex, Sebastian; Carrez, Philippe; Cordier, Patrick",Earth and Planetary Science Letters,10.1016/j.epsl.2020.116438,https://doi.org/10.1016/j.epsl.2020.116438,Article,,14,General geodetic inversion / Earth-observation modelling,Yes,No,,pub.1129330939,doi,10.1016/j.epsl.2020.116438
R0197,Scopus only,2020,"Diverse Slip Behavior of the Banyak Islands Subsegment of the Sunda Megathrust in Sumatra, Indonesia",Morgan P.M.; Feng L.; Meltzner A.J.; Mallick R.; Hill E.M.,Journal of Geophysical Research: Solid Earth,10.1029/2020jb020011,https://doi.org/10.1029/2020jb020011,Article,3,,Earthquake source/fault-slip inversion; Landslide/slope/active-terrain deformation,Yes,No,2-s2.0-85096464240,,doi,10.1029/2020jb020011
R0198,Dimensions only,2020,Fault valving and pore pressure evolution in simulations of earthquake sequences and aseismic slip,"Zhu, Weiqiang; Allison, Kali L.; Dunham, Eric M.; Yang, Yuyun",Nature Communications,10.1038/s41467-020-18598-z,https://doi.org/10.1038/s41467-020-18598-z,Article,,144,AI/neural surrogates/visualization/emerging sensing; Earthquake source/fault-slip inversion; Landslide/slope/active-terrain deformation,Yes,No,,pub.1131126678,doi,10.1038/s41467-020-18598-z
R0199,Dimensions only,2020,Geodetic inversion of complex fault geometries for strong earthquakes,"Zhang, Yong; Xu, Yueyi; Wang, Rongjiang",,10.5194/egusphere-egu2020-12148,https://doi.org/10.5194/egusphere-egu2020-12148,Article,,0,Earthquake source/fault-slip inversion,Yes,No,,pub.1125532123,doi,10.5194/egusphere-egu2020-12148
R0200,Scopus only,2020,Heterogeneous Power-Law Flow With Transient Creep in Southern California Following the 2010 El Mayor-Cucapah Earthquake,Tang C.-H.; Barbot S.; Hsu Y.-J.; Wu Y.-M.,Journal of Geophysical Research: Solid Earth,10.1029/2020jb019740,https://doi.org/10.1029/2020jb019740,Article,13,,Earthquake source/fault-slip inversion; Landslide/slope/active-terrain deformation,Yes,No,2-s2.0-85091468902,,doi,10.1029/2020jb019740
R0201,Both,2020,InSAR Evidence Indicates a Link Between Fluid Injection for Salt Mining and the 2019 Changning (China) Earthquake Sequence,Wang S.; Jiang G.; Weingarten M.; Niu Y.,Geophysical Research Letters,10.1029/2020gl087603,https://doi.org/10.1029/2020gl087603,Article,53,47,Earthquake source/fault-slip inversion; Subsidence/reservoir/anthropogenic deformation,Yes,No,2-s2.0-85089875176,pub.1129100501,doi,10.1029/2020gl087603
R0202,Dimensions only,2020,Introduction of covariance components in slip inversion of geodetic data following a non-uniform spatial distribution and application to slip deficit rate estimation in the Nankai Trough subduction zone,"Agata, Ryoichiro",Geophysical Journal International,10.1093/gji/ggaa116,https://doi.org/10.1093/gji/ggaa116,Article,,12,AI/neural surrogates/visualization/emerging sensing; Regularization/weighting/model selection; Earthquake source/fault-slip inversion,Yes,No,,pub.1125687566,doi,10.1093/gji/ggaa116
R0203,Both,2020,Joint inversion of geodetic observations and relative weighting-the 1999 Mω 7.6 chi-chi earthquake revisited,Roger M.; Li Z.; Clarke P.; Song C.; Hu J.-C.; Feng W.; Yi L.,Remote Sensing,10.3390/rs12193125,https://doi.org/10.3390/rs12193125,Article,3,3,Regularization/weighting/model selection; Earthquake source/fault-slip inversion,Yes,No,2-s2.0-85092528800,pub.1131182475,doi,10.3390/rs12193125
R0204,Dimensions only,2020,Mantle flow distribution beneath the California margin,"Barbot, Sylvain",Nature Communications,10.1038/s41467-020-18260-8,https://doi.org/10.1038/s41467-020-18260-8,Article,,20,Earthquake source/fault-slip inversion; Landslide/slope/active-terrain deformation,Yes,No,,pub.1130664354,doi,10.1038/s41467-020-18260-8
R0205,Dimensions only,2020,Post-seismic deformation mechanism of the July 2015 MW 6.5 Pishan earthquake revealed by Sentinel-1A InSAR observation,"Wang, Sijia; Zhang, Yongzhi; Wang, Yipeng; Jiao, Jiashuang; Ji, Zongtong; Han, Ming",Scientific Reports,10.1038/s41598-020-75278-0,https://doi.org/10.1038/s41598-020-75278-0,Article,,24,Earthquake source/fault-slip inversion,Yes,No,,pub.1132052193,doi,10.1038/s41598-020-75278-0
R0206,Dimensions only,2020,Scaled unscented transformation method and adaptive Monte Carlo method used for effects of fault parameters estimation on green function matrix in slip distribution inversion,"Wang, Leyang; Zhao, Yingwen; Zou, Chuanyi; Zhao, Xiong",Geodesy and Geodynamics,10.1016/j.geog.2020.05.002,https://doi.org/10.1016/j.geog.2020.05.002,Article,,2,Regularization/weighting/model selection; Earthquake source/fault-slip inversion,Yes,No,,pub.1129109691,doi,10.1016/j.geog.2020.05.002
R0207,Dimensions only,2020,Sequential modelling of the 2016 Central Italy earthquake cluster using multisource satellite observations and quantitative assessment of Coulomb stress change,"Xu, Qian; Chen, Qiang; Zhao, Jingjing; Liu, Xianwen; Yang, Yinghui; Zhang, Yijun; Liu, Guoxiang",Geophysical Journal International,10.1093/gji/ggaa036,https://doi.org/10.1093/gji/ggaa036,Article,,8,Earthquake source/fault-slip inversion; Landslide/slope/active-terrain deformation,Yes,No,,pub.1124178379,doi,10.1093/gji/ggaa036
R0208,Dimensions only,2020,Slip distribution of the 2005 Nias earthquake (Mw 8.6) inferred from geodetic and far-field tsunami data,"Fujii, Yushiro; Satake, Kenji; Watada, Shingo; Ho, Tung-Cheng",Geophysical Journal International,10.1093/gji/ggaa384,https://doi.org/10.1093/gji/ggaa384,Article,,16,Regularization/weighting/model selection; Earthquake source/fault-slip inversion; Subsidence/reservoir/anthropogenic deformation,Yes,No,,pub.1130129247,doi,10.1093/gji/ggaa384
R0209,Scopus only,2020,"Slip Distributions of Short-Term Slow Slip Events in Shikoku, Southwest Japan, From 2001 to 2019 Based on Tilt Change Measurements",Hirose H.; Kimura T.,Journal of Geophysical Research: Solid Earth,10.1029/2020jb019601,https://doi.org/10.1029/2020jb019601,Article,13,,AI/neural surrogates/visualization/emerging sensing; Earthquake source/fault-slip inversion; Landslide/slope/active-terrain deformation,Yes,No,2-s2.0-85086994770,,doi,10.1029/2020jb019601
R0210,Dimensions only,2020,Sparse isocon analysis: A data-driven approach for material transfer estimation,"Kuwatani, Tatsu; Yoshida, Kenta; Ueki, Kenta; Oyanagi, Ryosuke; Uno, Masaoki; Akaho, Shotaro",Chemical Geology,10.1016/j.chemgeo.2019.119345,https://doi.org/10.1016/j.chemgeo.2019.119345,Article,,13,Regularization/weighting/model selection; Hydrology/gravity/mass redistribution,Yes,No,,pub.1122145850,doi,10.1016/j.chemgeo.2019.119345
R0211,Both,2020,"The Transcrustal Magma Reservoir Beneath Soufrière Hills Volcano, Montserrat: Insights From 3-D Geodetic Inversions",Gottsmann J.; Flynn M.; Hickey J.,Geophysical Research Letters,10.1029/2020gl089239,https://doi.org/10.1029/2020gl089239,Article,15,15,Volcanic deformation/source geometry; Subsidence/reservoir/anthropogenic deformation; Landslide/slope/active-terrain deformation,Yes,No,2-s2.0-85094663357,pub.1131072032,doi,10.1029/2020gl089239
R0212,Both,2019,                         Coseismic deformation and source model of the 12 November 2017 M                         W                          7.3 Kermanshah Earthquake (Iran–Iraq border) investigated through DInSAR measurements                     ,Kuang J.; Ge L.; Metternicht G.I.; Ng A.H.-M.; Wang H.; Zare M.; Kamranzad F.,International Journal of Remote Sensing,10.1080/01431161.2018.1514542,https://doi.org/10.1080/01431161.2018.1514542,Article,27,30,Regularization/weighting/model selection; Earthquake source/fault-slip inversion,No,No,2-s2.0-85053315018,pub.1106905627,doi,10.1080/01431161.2018.1514542
R0213,Both,2019,A physics-based approach of deep interseismic creep for viscoelastic strike-slip earthquake cycle models,Bruhat L.,Geophysical Journal International,10.1093/gji/ggz426,https://doi.org/10.1093/gji/ggz426,Article,7,6,Earthquake source/fault-slip inversion,No,No,2-s2.0-85074455392,pub.1121203656,doi,10.1093/gji/ggz426
R0214,Dimensions only,2019,A review of the 2016 Kaikōura earthquake: insights from the first 3 years,"Hamling, Ian J.",Journal of the Royal Society of New Zealand,10.1080/03036758.2019.1701048,https://doi.org/10.1080/03036758.2019.1701048,Article,,24,Earthquake source/fault-slip inversion,No,No,,pub.1123315685,doi,10.1080/03036758.2019.1701048
R0215,Both,2019,Co-seismic deformation and source model of the 25 april 2015 mw 7.8 nepal earthquake and the 12 may 2015 mw 7.2 aftershock,Kuang J.; Ge L.; Ng A.H.-M.,International Geoscience and Remote Sensing Symposium (IGARSS),10.1109/igarss.2019.8900573,https://doi.org/10.1109/igarss.2019.8900573,Conference paper,0,0,Earthquake source/fault-slip inversion,No,No,2-s2.0-85113862215,pub.1122583876,doi,10.1109/igarss.2019.8900573
R0216,Dimensions only,2019,Coseismic and Postseismic Deformation of the 2016 Central Tottori Earthquake and its Slip Model,"Meneses‐Gutierrez, Angela; Nishimura, Takuya; Hashimoto, Manabu",Journal of Geophysical Research: Solid Earth,10.1029/2018jb016105,https://doi.org/10.1029/2018jb016105,Article,,12,Regularization/weighting/model selection; Earthquake source/fault-slip inversion,No,No,,pub.1111902158,doi,10.1029/2018jb016105
R0217,Scopus only,2019,Coseismic and Postseismic Slip of the 2005 Mw 8.6 Nias-Simeulue Earthquake: Spatial Overlap and Localized Viscoelastic Flow,Qiu Q.; Feng L.; Hermawan I.; Hill E.M.,Journal of Geophysical Research: Solid Earth,10.1029/2018jb017263,https://doi.org/10.1029/2018jb017263,Article,28,,Regularization/weighting/model selection; Earthquake source/fault-slip inversion,No,No,2-s2.0-85069928528,,doi,10.1029/2018jb017263
R0218,Dimensions only,2019,Deformation characteristics of the 2016 Mw5.9 Menyuan (China) earthquake by modelling Sentinel-1A and auxiliary data,"Tan, Ying; Dai, Zhiyang; Zha, Xianjie",International Journal of Remote Sensing,10.1080/01431161.2019.1697011,https://doi.org/10.1080/01431161.2019.1697011,Article,,4,Earthquake source/fault-slip inversion,No,No,,pub.1123222719,doi,10.1080/01431161.2019.1697011
R0219,Dimensions only,2019,Earthquake segmentation in northern Chile correlates with curved plate geometry,"Shrivastava, Mahesh N.; González, Gabriel; Moreno, Marcos; Soto, Hugo; Schurr, Bernd; Salazar, Pablo; Báez, Juan Carlos",Scientific Reports,10.1038/s41598-019-40282-6,https://doi.org/10.1038/s41598-019-40282-6,Article,,23,Earthquake source/fault-slip inversion,No,No,,pub.1112734658,doi,10.1038/s41598-019-40282-6
R0220,Both,2019,Heterogeneous behavior of the Campotosto normal fault (Central Italy) imaged by InSAR GPS and strong-motion data: Insights from the 18 January 2017 events,Cheloni D.; D'Agostino N.; Scognamiglio L.; Tinti E.; Bignami C.; Avallone A.; Giuliani R.; Calcaterra S.; Gambino P.; Mattone M.,Remote Sensing,10.3390/rs11121482,https://doi.org/10.3390/rs11121482,Article,26,23,Earthquake source/fault-slip inversion; Landslide/slope/active-terrain deformation,No,No,2-s2.0-85068167325,pub.1117475665,doi,10.3390/rs11121482
R0221,Scopus only,2019,Inversion of Fault Parameters Based on Combinational Algorithm for Spherical Layered Model; [利用组合算法反演球体分层模型的断层参数],Yin J.; Xu C.,Wuhan Daxue Xuebao (Xinxi Kexue Ban)/Geomatics and Information Science of Wuhan University,10.13203/j.whugis20170380,https://doi.org/10.13203/j.whugis20170380,Article,1,,Regularization/weighting/model selection; Earthquake source/fault-slip inversion,No,No,2-s2.0-85072959306,,doi,10.13203/j.whugis20170380
R0222,Both,2019,Isolation of swarm sources using InSAR: The case of the February 2017 seismic swarm in western Anatolia (Turkey),Svigkas N.; Atzori S.; Kiratzi A.; Tolomei C.; Salvi S.,Geophysical Journal International,10.1093/gji/ggz093,https://doi.org/10.1093/gji/ggz093,Article,7,6,Earthquake source/fault-slip inversion,No,No,2-s2.0-85064117356,pub.1112248257,doi,10.1093/gji/ggz093
R0223,Dimensions only,2019,Lower-crustal rheology and thermal gradient in the Taiwan orogenic belt illuminated by the 1999 Chi-Chi earthquake,"Tang, Chi-Hsien; Hsu, Ya-Ju; Barbot, Sylvain; Moore, James D. P.; Chang, Wu-Lung",Science Advances,10.1126/sciadv.aav3287,https://doi.org/10.1126/sciadv.aav3287,Article,,46,Earthquake source/fault-slip inversion; Landslide/slope/active-terrain deformation,No,No,,pub.1112433664,doi,10.1126/sciadv.aav3287
R0224,Dimensions only,2019,Magma Degassing as a Source of Long‐Term Seismicity at Volcanoes: The Ischia Island (Italy) Case,"Trasatti, E.; Acocella, V.; Di Vito, M. A.; Del Gaudio, C.; Weber, G.; Aquino, I.; Caliro, S.; Chiodini, G.; de Vita, S.; Ricco, C.; Caricchi, L.",Geophysical Research Letters,10.1029/2019gl085371,https://doi.org/10.1029/2019gl085371,Article,,44,Volcanic deformation/source geometry; Subsidence/reservoir/anthropogenic deformation,No,No,,pub.1123259630,doi,10.1029/2019gl085371
R0225,Dimensions only,2019,Months‐Long Subduction Slow Slip Events Avoid the Stress Shadows of Seismic Asperities,"Rousset, Baptiste",Journal of Geophysical Research: Solid Earth,10.1029/2019jb018037,https://doi.org/10.1029/2019jb018037,Article,,9,Earthquake source/fault-slip inversion; Landslide/slope/active-terrain deformation,No,No,,pub.1117018194,doi,10.1029/2019jb018037
R0226,Both,2019,Multi-sensor geodetic observations and modeling of the 2017 Mw 6.3 jinghe earthquake,Gong W.; Zhang Y.; Li T.; Wen S.; Zhao D.; Hou L.; Shan X.,Remote Sensing,10.3390/rs11182157,https://doi.org/10.3390/rs11182157,Article,25,18,Earthquake source/fault-slip inversion,No,No,2-s2.0-85072632343,pub.1121079117,doi,10.3390/rs11182157
R0227,Dimensions only,2019,On the Segmentation of the Cephalonia–Lefkada Transform Fault Zone (Greece) from an InSAR Multi-Mode Dataset of the Lefkada 2015 Sequence,"Svigkas, Nikos; Atzori, Simone; Kiratzi, Anastasia; Tolomei, Cristiano; Antonioli, Andrea; Papoutsis, Ioannis; Salvi, Stefano; Kontoes, Charalampos",Remote Sensing,10.3390/rs11161848,https://doi.org/10.3390/rs11161848,Article,,11,Earthquake source/fault-slip inversion,No,No,,pub.1120211781,doi,10.3390/rs11161848
R0228,Dimensions only,2019,Peak Tremor Rates Lead Peak Slip Rates During Propagation of Two Large Slow Earthquakes in Cascadia,"Hall, K.; Schmidt, D.; Houston, H.",Geochemistry Geophysics Geosystems,10.1029/2019gc008510,https://doi.org/10.1029/2019gc008510,Article,,13,Regularization/weighting/model selection; Earthquake source/fault-slip inversion; Landslide/slope/active-terrain deformation,No,No,,pub.1121781266,doi,10.1029/2019gc008510
R0229,Scopus only,2019,Present-day tectonic activity along the central section of the Altyn Tagh fault derived from time series InSAR,Qiu J.; Liu L.; Wang C.; Wang Y.,Geodesy and Geodynamics,10.1016/j.geog.2019.03.008,https://doi.org/10.1016/j.geog.2019.03.008,Article,11,,Earthquake source/fault-slip inversion,No,No,2-s2.0-85065782980,,doi,10.1016/j.geog.2019.03.008
R0230,Dimensions only,2019,Reconciling the Long‐Term Relationship Between Reservoir Pore Pressure Depletion and Compaction in the Groningen Region,"Smith, Jonathan D.; Avouac, Jean‐Philippe; White, Robert S.; Copley, Alex; Gualandi, Adriano; Bourne, Stephen",Journal of Geophysical Research: Solid Earth,10.1029/2018jb016801,https://doi.org/10.1029/2018jb016801,Article,,38,Regularization/weighting/model selection; Subsidence/reservoir/anthropogenic deformation,No,No,,pub.1113758451,doi,10.1029/2018jb016801
R0231,Dimensions only,2019,"Source Parameter Estimation of the 2009 Ms6.0 Yao’an Earthquake, Southern China, Using InSAR Observations","Qu, Wei; Zhang, Bing; Lu, Zhong; Kim, Jin Woo; Zhang, Qin; Gao, Yuan; Hao, Ming; Zhu, Wu; Qu, Feifei",Remote Sensing,10.3390/rs11040462,https://doi.org/10.3390/rs11040462,Article,,9,Regularization/weighting/model selection; Earthquake source/fault-slip inversion,No,No,,pub.1112378398,doi,10.3390/rs11040462
R0232,Dimensions only,2019,Sunda and Sumatra Block Motion in ITRF2008,"Kuncoro, Henri; Meilano, Irwan; Susilo, Susilo",E3S Web of Conferences,10.1051/e3sconf/20199404006,https://doi.org/10.1051/e3sconf/20199404006,Article,,9,Earthquake source/fault-slip inversion,No,No,,pub.1114058112,doi,10.1051/e3sconf/20199404006
R0233,Scopus only,2019,"Testing Different Tectonic Models for the Source of the Mw 6.5, 30 October 2016, Norcia Earthquake (Central Italy): A Youthful Normal Fault, or Negative Inversion of an Old Thrust?",Bonini L.; Basili R.; Burrato P.; Cannelli V.; Fracassi U.; Maesano F.E.; Melini D.; Tarabusi G.; Tiberti M.M.; Vannoli P.; Valensise G.,Tectonics,10.1029/2018tc005185,https://doi.org/10.1029/2018tc005185,Article,41,,Earthquake source/fault-slip inversion,No,No,2-s2.0-85063288219,,doi,10.1029/2018tc005185
R0234,Scopus only,2019,The 2017 noneruptive unrest at the caldera of Cerro Azul Volcano (Galápagos Islands) revealed by InSAR observations and geodetic modelling,Guo Q.; Xu C.; Wen Y.; Liu Y.; Xu G.,Remote Sensing,10.3390/rs11171992,https://doi.org/10.3390/rs11171992,Article,16,,Earthquake source/fault-slip inversion; Volcanic deformation/source geometry,No,No,2-s2.0-85071965303,,doi,10.3390/rs11171992
R0235,Dimensions only,2019,The decade-long Machaze–Zinave aftershock sequence in the slowly straining Mozambique Rift,"Lloyd, Ryan; Biggs, Juliet; Copley, Alex",Geophysical Journal International,10.1093/gji/ggz033,https://doi.org/10.1093/gji/ggz033,Article,,12,Earthquake source/fault-slip inversion,No,No,,pub.1111582687,doi,10.1093/gji/ggz033
R0236,Both,2018,                         Source model of the 12 november 2017 M                         W                          7.3 Kermanshah earthquake (Iran-Iraq Border) inferred from ALOS-2 ScanSAR and Sentinel-1 data                     ,Kuang J.; Ge L.; Metternicht G.I.; Ng A.H.-M.; Zare M.; Kamranzad F.,International Geoscience and Remote Sensing Symposium (IGARSS),10.1109/igarss.2018.8518326,https://doi.org/10.1109/igarss.2018.8518326,Conference paper,0,0,Earthquake source/fault-slip inversion,No,No,2-s2.0-85063159142,pub.1109773240,doi,10.1109/igarss.2018.8518326
R0237,Both,2018,"A NE-Trending Oblique-Slip Fault Responsible for the 2016 Zaduo Earthquake (Qinghai, China) Revealed by InSAR Data",Jiang G.; Wen Y.; Li K.; Fang L.; Xu C.; Zhang Y.; Xu X.,Pure and Applied Geophysics,10.1007/s00024-018-1948-0,https://doi.org/10.1007/s00024-018-1948-0,Article,19,17,Earthquake source/fault-slip inversion,No,No,2-s2.0-85058153059,pub.1105876776,doi,10.1007/s00024-018-1948-0
R0238,Dimensions only,2018,A review of the rupture characteristics of the 2011 Tohoku-oki Mw 9.1 earthquake,"Lay, Thorne",Tectonophysics,10.1016/j.tecto.2017.09.022,https://doi.org/10.1016/j.tecto.2017.09.022,Article,,154,Earthquake source/fault-slip inversion; Landslide/slope/active-terrain deformation,No,No,,pub.1091973212,doi,10.1016/j.tecto.2017.09.022
R0239,Dimensions only,2018,A Self‐Consistent Fault Slip Model for the 2011 Tohoku Earthquake and Tsunami,"Yamazaki, Yoshiki; Cheung, Kwok Fai; Lay, Thorne",Journal of Geophysical Research: Solid Earth,10.1002/2017jb014749,https://doi.org/10.1002/2017jb014749,Article,,78,Regularization/weighting/model selection; Earthquake source/fault-slip inversion,No,No,,pub.1100110608,doi,10.1002/2017jb014749
R0240,Dimensions only,2018,Assessing the potential for measuring Europa's tidal Love number h 2 using radar sounder and topographic imager data,"Steinbrügge, G.; Schroeder, D.M.; Haynes, M.S.; Hussmann, H.; Grima, C.; Blankenship, D.D.",Earth and Planetary Science Letters,10.1016/j.epsl.2017.11.028,https://doi.org/10.1016/j.epsl.2017.11.028,Article,,36,General geodetic inversion / Earth-observation modelling,No,No,,pub.1092998441,doi,10.1016/j.epsl.2017.11.028
R0241,Dimensions only,2018,Can the Updip Limit of Frictional Locking on Megathrusts Be Detected Geodetically? Quantifying the Effect of Stress Shadows on Near‐Trench Coupling,"Almeida, Rafael; Lindsey, Eric O.; Bradley, Kyle; Hubbard, Judith; Mallick, Rishav; Hill, Emma M.",Geophysical Research Letters,10.1029/2018gl077785,https://doi.org/10.1029/2018gl077785,Article,,60,Regularization/weighting/model selection; Earthquake source/fault-slip inversion,No,No,,pub.1103996379,doi,10.1029/2018gl077785
R0242,Dimensions only,2018,Correction of Ionospheric Artifacts in SAR Data: Application to Fault Slip Inversion of 2009 Southern Sumatra Earthquake,"Zhang, Bochen; Wang, Chisheng; Ding, Xiaoli; Zhu, Wu; Wu, Songbo",IEEE Geoscience and Remote Sensing Letters,10.1109/lgrs.2018.2844686,https://doi.org/10.1109/lgrs.2018.2844686,Article,,16,Earthquake source/fault-slip inversion,No,No,,pub.1105050260,doi,10.1109/lgrs.2018.2844686
R0243,Dimensions only,2018,"Coseismic and postseismic deformation associated with the 2016 Mw 7.8 Kaikoura earthquake, New Zealand: fault movement investigation and seismic hazard analysis","Jiang, Zhongshan; Huang, Dingfa; Yuan, Linguo; Hassan, Abubakr; Zhang, Lupeng; Yang, Zhongrong","Earth, Planets and Space",10.1186/s40623-018-0827-3,https://doi.org/10.1186/s40623-018-0827-3,Article,,26,AI/neural surrogates/visualization/emerging sensing; Earthquake source/fault-slip inversion,No,No,,pub.1103460073,doi,10.1186/s40623-018-0827-3
R0244,Scopus only,2018,"Coseismic displacements from moderate-size earthquakes mapped by Sentinel-1 differential interferometry: The case of February 2017 Gulpinar Earthquake Sequence (Biga Peninsula, Turkey)",Ganas A.; Kourkouli P.; Briole P.; Moshou A.; Elias P.; Parcharidis I.,Remote Sensing,10.3390/rs10071089,https://doi.org/10.3390/rs10071089,Article,33,,Earthquake source/fault-slip inversion,No,No,2-s2.0-85050454781,,doi,10.3390/rs10071089
R0245,Dimensions only,2018,ESTIMATION OF STATIC COULOMB STRESS CHANGE AND STRONG MOTION SIMULATION FOR JIUZHAIGOU 7.0 EARTHQUAKE BASE ON SENTINEL-1 INSAR DATA INVERSION,"Shen, W. H.; Luo, Y.; Jiao, Q. S.",The International Archives of the Photogrammetry Remote Sensing and Spatial Information Sciences,10.5194/isprs-archives-xlii-3-1533-2018,https://doi.org/10.5194/isprs-archives-xlii-3-1533-2018,Article,,1,Earthquake source/fault-slip inversion,No,No,,pub.1103689622,doi,10.5194/isprs-archives-xlii-3-1533-2018
R0246,Both,2018,Geodetic inversion for spatial distribution of slow earthquakes under sparsity constraints,Hori T.; Nakata R.; Hino H.; Kuwatani T.; Yoshioka S.; Okada M.,Journal of Physics: Conference Series,10.1088/1742-6596/1036/1/012018,https://doi.org/10.1088/1742-6596/1036/1/012018,Conference paper,1,1,Regularization/weighting/model selection; Earthquake source/fault-slip inversion; Landslide/slope/active-terrain deformation,No,No,2-s2.0-85049915802,pub.1105181416,doi,10.1088/1742-6596/1036/1/012018
R0247,Both,2018,Geodetically Inferred Locking State of the Cascadia Megathrust Based on a Viscoelastic Earth Model,Li S.; Wang K.; Wang Y.; Jiang Y.; Dosso S.E.,Journal of Geophysical Research: Solid Earth,10.1029/2018jb015620,https://doi.org/10.1029/2018jb015620,Article,96,96,Earthquake source/fault-slip inversion,No,No,2-s2.0-85052927797,pub.1105976056,doi,10.1029/2018jb015620
R0248,Dimensions only,2018,Influence of Fault Geometry on the Spatial Distribution of Long‐Term Slip with Implications for Determining Representative Fault‐Slip RatesInfluence of Fault Geometry on the Spatial Distribution of Long‐Term Slip,"Resor, Phillip G.; Cooke, Michele L.; Marshall, Scott T.; Madden, Elizabeth H.",Bulletin of the Seismological Society of America,10.1785/0120170332,https://doi.org/10.1785/0120170332,Article,,15,Regularization/weighting/model selection; Earthquake source/fault-slip inversion,No,No,,pub.1104001993,doi,10.1785/0120170332
R0249,Both,2018,Interseismic coupling off the south of Central Java from GPS-derived baseline change rates,Ramadian R.R.; Meilano I.; Hanifa N.R.; Efendi J.,AIP Conference Proceedings,10.1063/1.5047390,https://doi.org/10.1063/1.5047390,Conference paper,1,2,Earthquake source/fault-slip inversion; Subsidence/reservoir/anthropogenic deformation,No,No,2-s2.0-85050791791,pub.1105714633,doi,10.1063/1.5047390
R0250,Scopus only,2018,Limitations of the Resolvability of Finite-Fault Models Using Static Land-Based Geodesy and Open-Ocean Tsunami Waveforms,Williamson A.L.; Newman A.V.,Journal of Geophysical Research: Solid Earth,10.1029/2018jb016091,https://doi.org/10.1029/2018jb016091,Article,21,,Regularization/weighting/model selection; Earthquake source/fault-slip inversion,No,No,2-s2.0-85055732173,,doi,10.1029/2018jb016091
R0251,Dimensions only,2018,Maxwell: A semi-analytic 4D code for earthquake cycle modeling of transform fault systems,"Sandwell, David; Smith-Konter, Bridget",Computers & Geosciences,10.1016/j.cageo.2018.01.009,https://doi.org/10.1016/j.cageo.2018.01.009,Article,,2,Earthquake source/fault-slip inversion,No,No,,pub.1100753831,doi,10.1016/j.cageo.2018.01.009
R0252,Dimensions only,2018,NOWCASTING EARTHQUAKES IN THE NORTHWEST HIMALAYA AND SURROUNDING REGIONS,"Pasari, S.; Mehta, A.",The International Archives of the Photogrammetry Remote Sensing and Spatial Information Sciences,10.5194/isprs-archives-xlii-5-855-2018,https://doi.org/10.5194/isprs-archives-xlii-5-855-2018,Article,,45,Earthquake source/fault-slip inversion,No,No,,pub.1110219421,doi,10.5194/isprs-archives-xlii-5-855-2018
R0253,Dimensions only,2018,"Postseismic deformation associated with the 2015 Mw 7.8 Gorkha earthquake, Nepal: Investigating ongoing afterslip and constraining crustal rheology","Jiang, Zhongshan; Yuan, Linguo; Huang, Dingfa; Yang, Zhongrong; Hassan, Abubakr",Journal of Asian Earth Sciences,10.1016/j.jseaes.2017.12.039,https://doi.org/10.1016/j.jseaes.2017.12.039,Article,,24,Earthquake source/fault-slip inversion,No,No,,pub.1100151444,doi,10.1016/j.jseaes.2017.12.039
R0254,Dimensions only,2018,Regression prediction method that is based on the partial errors-in-variables model,"Wang, Leyang; Sun, Jianqiang",Communications in Statistics - Simulation and Computation,10.1080/03610918.2018.1547399,https://doi.org/10.1080/03610918.2018.1547399,Article,,2,General geodetic inversion / Earth-observation modelling,No,No,,pub.1110991694,doi,10.1080/03610918.2018.1547399
R0255,Both,2018,Relation between the coupling and tremor rates in the transition zone around the Shikoku region,Ochi T.; Takeda N.,"Earth, Planets and Space",10.1186/s40623-018-0883-8,https://doi.org/10.1186/s40623-018-0883-8,Letter,3,2,Earthquake source/fault-slip inversion; Landslide/slope/active-terrain deformation,No,No,2-s2.0-85049853738,pub.1105494224,doi,10.1186/s40623-018-0883-8
R0256,Both,2018,"Spatial-temporal evolution of slow slip movements triggered by the 2016 Mw 7.8 Kaikoura earthquake, New Zealand",Jiang Z.; Yuan L.; Huang D.; Zhang L.; Hassan A.; Yang Z.,Tectonophysics,10.1016/j.tecto.2018.06.012,https://doi.org/10.1016/j.tecto.2018.06.012,Article,9,11,Earthquake source/fault-slip inversion; Landslide/slope/active-terrain deformation,No,No,2-s2.0-85048955212,pub.1105017125,doi,10.1016/j.tecto.2018.06.012
R0257,Both,2018,Spheroidal Integral Equations for Geodetic Inversion of Geopotential Gradients,Novák P.; Šprlák M.,Surveys in Geophysics,10.1007/s10712-017-9450-2,https://doi.org/10.1007/s10712-017-9450-2,Review,5,5,Hydrology/gravity/mass redistribution,No,No,2-s2.0-85035777896,pub.1093089248,doi,10.1007/s10712-017-9450-2
R0258,Dimensions only,2018,The Complexity of the 2018 Mw 6.4 Hualien Earthquake in East Taiwan,"Huang, Mong‐Han; Huang, Hsin‐Hua",Geophysical Research Letters,10.1029/2018gl080821,https://doi.org/10.1029/2018gl080821,Article,,45,Earthquake source/fault-slip inversion,No,No,,pub.1110346288,doi,10.1029/2018gl080821
R0259,Both,2018,The Impact of Realistic Elastic Properties on Inversions of Shallow Subduction Interface Slow Slip Events Using Seafloor Geodetic Data,Williams C.A.; Wallace L.M.,Geophysical Research Letters,10.1029/2018gl078042,https://doi.org/10.1029/2018gl078042,Article,49,52,Earthquake source/fault-slip inversion; Landslide/slope/active-terrain deformation,No,No,2-s2.0-85052555861,pub.1105603471,doi,10.1029/2018gl078042
R0260,Dimensions only,2018,"Transient deformation during the Milashan Tunnel construction in northern Sangri-Cuona Rift, southern Tibet, China observed by Sentinel-1 satellites","Tian, Yunfeng; Liu-Zeng, Jing; Luo, Yi; Li, Yongsheng; Hu, Yingshun; Gong, Bin; Liu, Lizheng; Guo, Ping; Zhang, Jingfa",Science Bulletin,10.1016/j.scib.2018.09.021,https://doi.org/10.1016/j.scib.2018.09.021,Article,,5,Earthquake source/fault-slip inversion; Subsidence/reservoir/anthropogenic deformation; Landslide/slope/active-terrain deformation,No,No,,pub.1107303544,doi,10.1016/j.scib.2018.09.021
R0261,Scopus only,2017,3-D Modeling of Irregular Volcanic Sources Using Sparsity-Promoting Inversions of Geodetic Data and Boundary Element Method,Zhai G.; Shirzaei M.,Journal of Geophysical Research: Solid Earth,10.1002/2017jb014991,https://doi.org/10.1002/2017jb014991,Article,6,,AI/neural surrogates/visualization/emerging sensing; Regularization/weighting/model selection; Volcanic deformation/source geometry,No,No,2-s2.0-85038127664,,doi,10.1002/2017jb014991
R0262,Both,2017,A Bayesian rupture model of the 2007 Mw 8.1 Solomon Islands earthquake in Southwest Pacific with coral reef displacement measurements,Chen T.; Luo H.; Furlong K.P.,Journal of Asian Earth Sciences,10.1016/j.jseaes.2017.01.032,https://doi.org/10.1016/j.jseaes.2017.01.032,Article,2,2,Regularization/weighting/model selection; Earthquake source/fault-slip inversion; Subsidence/reservoir/anthropogenic deformation,No,No,2-s2.0-85012195821,pub.1083405631,doi,10.1016/j.jseaes.2017.01.032
R0263,Dimensions only,2017,Borehole Volumetric Strainmeter Calibration From a Nearby Seismic Broadband Array at Etna Volcano,"Currenti, G.; Zuccarello, L.; Bonaccorso, A.; Sicali, A.",Journal of Geophysical Research: Solid Earth,10.1002/2017jb014663,https://doi.org/10.1002/2017jb014663,Article,,28,Landslide/slope/active-terrain deformation,No,No,,pub.1092066421,doi,10.1002/2017jb014663
R0264,Dimensions only,2017,"Complex multifault rupture during the 2016 Mw 7.8 Kaikōura earthquake, New Zealand","Hamling, Ian J; Hreinsdóttir, Sigrún; Clark, Kate; Elliott, John; Liang, Cunren; Fielding, Eric; Litchfield, Nicola; Villamor, Pilar; Wallace, Laura; Wright, Tim J; D'Anastasio, Elisabetta; Bannister, Stephen; Burbidge, David; Denys, Paul; Gentle, Paula; Howarth, Jamie; Mueller, Christof; Palmer, Neville; Pearson, Chris; Power, William; Barnes, Philip; Barrell, David J A; Van Dissen, Russ; Langridge, Robert; Little, Tim; Nicol, Andrew; Pettinga, Jarg; Rowland, Julie; Stirling, Mark",Science,10.1126/science.aam7194,https://doi.org/10.1126/science.aam7194,Article,,626,Earthquake source/fault-slip inversion,No,No,,pub.1084221455,doi,10.1126/science.aam7194
R0265,Scopus only,2017,Coseismic deformation and triggered landslides of the 2016 Mw 6.2 Amatrice earthquake in Italy,Huang M.-H.; Fielding E.J.; Liang C.; Milillo P.; Bekaert D.; Dreger D.; Salzer J.,Geophysical Research Letters,10.1002/2016gl071687,https://doi.org/10.1002/2016gl071687,Article,112,,Earthquake source/fault-slip inversion; Landslide/slope/active-terrain deformation,No,No,2-s2.0-85012050276,,doi,10.1002/2016gl071687
R0266,Dimensions only,2017,"Discontinuous boundaries of slow slip events beneath the Bungo Channel, southwest Japan","Nakata, Ryoko; Hino, Hideitsu; Kuwatani, Tatsu; Yoshioka, Shoichi; Okada, Masato; Hori, Takane",Scientific Reports,10.1038/s41598-017-06185-0,https://doi.org/10.1038/s41598-017-06185-0,Article,,22,Regularization/weighting/model selection; Earthquake source/fault-slip inversion; Landslide/slope/active-terrain deformation,No,No,,pub.1090754901,doi,10.1038/s41598-017-06185-0
R0267,Both,2017,Dynamic Rupture Modeling of the M7.2 2010 El Mayor-Cucapah Earthquake: Comparison With a Geodetic Model,Kyriakopoulos C.; Oglesby D.D.; Funning G.J.; Ryan K.J.,Journal of Geophysical Research: Solid Earth,10.1002/2017jb014294,https://doi.org/10.1002/2017jb014294,Article,19,23,Earthquake source/fault-slip inversion,No,No,2-s2.0-85040833050,pub.1092850277,doi,10.1002/2017jb014294
R0268,Dimensions only,2017,Early aftershocks and afterslip surrounding the 2015 Mw 8.4 Illapel rupture,"Huang, Hui; Xu, Wenbin; Meng, Lingsen; Bürgmann, Roland; Baez, Juan Carlos",Earth and Planetary Science Letters,10.1016/j.epsl.2016.09.055,https://doi.org/10.1016/j.epsl.2016.09.055,Article,,39,Earthquake source/fault-slip inversion,No,No,,pub.1002100384,doi,10.1016/j.epsl.2016.09.055
R0269,Both,2017,Fault geometry inversion and slip distribution of the 2010 Mw 7.2 El Mayor-Cucapah earthquake from geodetic data,Huang M.-H.; Fielding E.J.; Dickinson H.; Sun J.; Gonzalez-Ortega J.A.; Freed A.M.; Bürgmann R.,Journal of Geophysical Research: Solid Earth,10.1002/2016jb012858,https://doi.org/10.1002/2016jb012858,Article,43,44,Earthquake source/fault-slip inversion,No,No,2-s2.0-85013270434,pub.1053528297,doi,10.1002/2016jb012858
R0270,Dimensions only,2017,How fault evolution changes strain partitioning and fault slip rates in Southern California: Results from geodynamic modeling,"Ye, Jiyang; Liu, Mian",Journal of Geophysical Research: Solid Earth,10.1002/2017jb014325,https://doi.org/10.1002/2017jb014325,Article,,26,AI/neural surrogates/visualization/emerging sensing; Earthquake source/fault-slip inversion; Landslide/slope/active-terrain deformation,No,No,,pub.1091081235,doi,10.1002/2017jb014325
R0271,Dimensions only,2017,Imaging the distribution of transient viscosity after the 2016 Mw 7.1 Kumamoto earthquake,"Moore, James D P; Yu, Hang; Tang, Chi-Hsien; Wang, Teng; Barbot, Sylvain; Peng, Dongju; Masuti, Sagar; Dauwels, Justin; Hsu, Ya-Ju; Lambert, Valère; Nanjundiah, Priyamvada; Wei, Shengji; Lindsey, Eric; Feng, Lujia; Shibazaki, Bunichiro",Science,10.1126/science.aal3422,https://doi.org/10.1126/science.aal3422,Article,,106,Earthquake source/fault-slip inversion,No,No,,pub.1084825218,doi,10.1126/science.aal3422
R0272,Dimensions only,2017,"Near-source high-rate GPS, strong motion and InSAR observations to image the 2015 Lefkada (Greece) Earthquake rupture history","Avallone, Antonio; Cirella, Antonella; Cheloni, Daniele; Tolomei, Cristiano; Theodoulidis, Nikos; Piatanesi, Alessio; Briole, Pierre; Ganas, Athanassios",Scientific Reports,10.1038/s41598-017-10431-w,https://doi.org/10.1038/s41598-017-10431-w,Article,,22,Earthquake source/fault-slip inversion,No,No,,pub.1091428794,doi,10.1038/s41598-017-10431-w
R0273,Dimensions only,2017,Nucleation Phase and Dynamic Inversion of the Mw 6.9 Valparaíso 2017 Earthquake in Central Chile,"Ruiz, S.; Aden‐Antoniow, F.; Baez, J. C.; Otarola, C.; Potin, B.; del Campo, F.; Poli, P.; Flores, C.; Satriano, C.; Leyton, F.; Madariaga, R.; Bernard, P.",Geophysical Research Letters,10.1002/2017gl075675,https://doi.org/10.1002/2017gl075675,Article,,94,Earthquake source/fault-slip inversion; Landslide/slope/active-terrain deformation,No,No,,pub.1092189747,doi,10.1002/2017gl075675
R0274,Both,2017,"Piecemeal Rupture of the Mentawai Patch, Sumatra: The 2008 Mw 7.2 North Pagai Earthquake Sequence",Salman R.; Hill E.M.; Feng L.; Lindsey E.O.; Mele Veedu D.; Barbot S.; Banerjee P.; Hermawan I.; Natawidjaja D.H.,Journal of Geophysical Research: Solid Earth,10.1002/2017jb014341,https://doi.org/10.1002/2017jb014341,Article,25,23,Earthquake source/fault-slip inversion,No,No,2-s2.0-85035197538,pub.1092458248,doi,10.1002/2017jb014341
R0275,Dimensions only,2017,Reconstruction of coseismic slip from the 2015 Illapel earthquake using combined geodetic and tsunami waveform data,"Williamson, Amy; Newman, Andrew; Cummins, Phil",Journal of Geophysical Research: Solid Earth,10.1002/2016jb013883,https://doi.org/10.1002/2016jb013883,Article,,31,Regularization/weighting/model selection; Earthquake source/fault-slip inversion,No,No,,pub.1083827631,doi,10.1002/2016jb013883
R0276,Dimensions only,2017,Significant lateral dip changes may have limited the scale of the 2015 Mw 7.8 Gorkha earthquake,"Zhang, Yong; Wang, Rongjiang; Walter, Thomas R.; Feng, Wanpeng; Chen, Yongshun; Huang, Qinghua",Geophysical Research Letters,10.1002/2017gl074095,https://doi.org/10.1002/2017gl074095,Article,,27,Earthquake source/fault-slip inversion,No,No,,pub.1091389151,doi,10.1002/2017gl074095
R0277,Dimensions only,2017,Study on Inversion Forecasting Model for 2011 Tohoku Tsunami,"Ying, Chao; Liu, Yong; Zhao, Xin; Mu, Jinbin",Communications in Computer and Information Science,10.1007/978-981-10-3966-9_55,https://doi.org/10.1007/978-981-10-3966-9_55,Chapter,,1,Earthquake source/fault-slip inversion,No,No,,pub.1084719958,doi,10.1007/978-981-10-3966-9_55
R0278,Dimensions only,2017,The discovery of a conjugate system of faults in the Wharton Basin intraplate deformation zone,"Singh, Satish C.; Hananto, Nugroho; Qin, Yanfang; Leclerc, Frederique; Avianto, Praditya; Tapponnier, Paul E.; Carton, Helene; Wei, Shengji; Nugroho, Adam B.; Gemilang, Wishnu A.; Sieh, Kerry; Barbot, Sylvain",Science Advances,10.1126/sciadv.1601689,https://doi.org/10.1126/sciadv.1601689,Article,,47,Regularization/weighting/model selection; Earthquake source/fault-slip inversion; Hydrology/gravity/mass redistribution,No,No,,pub.1062440300,doi,10.1126/sciadv.1601689
R0279,Scopus only,2017,The Effect of the Random Coefficient Matrix on Adjustment of the Inversion of Crustal Strain Parameters Model,Wang L.; Xu G.,Wuhan Daxue Xuebao (Xinxi Kexue Ban)/Geomatics and Information Science of Wuhan University,10.13203/j.whugis20160010,https://doi.org/10.13203/j.whugis20160010,Article,2,,Regularization/weighting/model selection; Landslide/slope/active-terrain deformation,No,No,2-s2.0-85038597112,,doi,10.13203/j.whugis20160010
R0280,Dimensions only,2017,Transient rheology of the oceanic asthenosphere following the 2012 Indian Ocean Earthquake inferred from geodetic data,"Pratama, Cecep; Ito, Takeo; Sasajima, Ryohei; Tabei, Takao; Kimata, Fumiaki; Gunawan, Endra; Ohta, Yusaku; Yamashina, Tadashi; Ismail, Nazli; Nurdin, Irwandi; Sugiyanto, Didik; Muksin, Umar; Meilano, Irwan",Journal of Asian Earth Sciences,10.1016/j.jseaes.2017.07.049,https://doi.org/10.1016/j.jseaes.2017.07.049,Article,,25,AI/neural surrogates/visualization/emerging sensing; Earthquake source/fault-slip inversion,No,No,,pub.1090869104,doi,10.1016/j.jseaes.2017.07.049
R0281,Dimensions only,2017,Uncertainties in the 2004 Sumatra–Andaman source through nonlinear stochastic inversion of tsunami waves,"Gopinathan, D.; Venugopal, M.; Roy, D.; Rajendran, K.; Guillas, S.; Dias, F.",Proceedings of the Royal Society A,10.1098/rspa.2017.0353,https://doi.org/10.1098/rspa.2017.0353,Article,,14,Earthquake source/fault-slip inversion,No,No,,pub.1091860757,doi,10.1098/rspa.2017.0353
R0282,Dimensions only,2016,Advanced Three-Dimensional Finite Element Modeling of a Slow Landslide through the Exploitation of DInSAR Measurements and in Situ Surveys,"De Novellis, Vincenzo; Castaldo, Raffaele; Lollino, Piernicola; Manunta, Michele; Tizzani, Pietro",Remote Sensing,10.3390/rs8080670,https://doi.org/10.3390/rs8080670,Article,,24,Landslide/slope/active-terrain deformation,No,No,,pub.1015248072,doi,10.3390/rs8080670
R0283,Both,2016,An improved mixed total least squares method for strain inversion from distance changes,Liu Z.; Li S.; Bian H.,Geodesy and Geodynamics,10.1016/j.geog.2016.05.009,https://doi.org/10.1016/j.geog.2016.05.009,Article,4,2,Regularization/weighting/model selection; Earthquake source/fault-slip inversion; Landslide/slope/active-terrain deformation,No,No,2-s2.0-84997530298,pub.1039797799,doi,10.1016/j.geog.2016.05.009
R0284,Dimensions only,2016,Calculating regional stresses for northern Canterbury: the effect of the 2010 Darfield earthquake,"Ellis, S; Williams, C; Ristau, J; Reyners, M; Eberhart‐Phillips, D; Wallace, LM",New Zealand Journal of Geology and Geophysics,10.1080/00288306.2015.1123740,https://doi.org/10.1080/00288306.2015.1123740,Article,,7,AI/neural surrogates/visualization/emerging sensing; Earthquake source/fault-slip inversion,No,No,,pub.1048656914,doi,10.1080/00288306.2015.1123740
R0285,Dimensions only,2016,Coseismic gravity and displacement changes of Japan Tohoku earthquake (Mw 9.0),"Zhang, Xinlin; Okubo, Shuhei; Tanaka, Yoshiyuki; Li, Hui",Geodesy and Geodynamics,10.1016/j.geog.2015.10.002,https://doi.org/10.1016/j.geog.2015.10.002,Article,,10,Regularization/weighting/model selection; Earthquake source/fault-slip inversion; Hydrology/gravity/mass redistribution,No,No,,pub.1038636139,doi,10.1016/j.geog.2015.10.002
R0286,Scopus only,2016,"Coseismic slip and early afterslip of the 2015 Illapel, Chile, earthquake: Implications for frictional heterogeneity and coastal uplift",Barnhart W.D.; Murray J.R.; Briggs R.W.; Gomez F.; Miles C.P.J.; Svarc J.; Riquelme S.; Stressler B.J.,Journal of Geophysical Research: Solid Earth,10.1002/2016jb013124,https://doi.org/10.1002/2016jb013124,Article,58,,Regularization/weighting/model selection; Earthquake source/fault-slip inversion,No,No,2-s2.0-84981736906,,doi,10.1002/2016jb013124
R0287,Both,2016,"Geodetic inversion for spatial distribution of slip under smoothness, discontinuity, and sparsity constraints",Nakata R.; Kuwatani T.; Okada M.; Hori T.,"Earth, Planets and Space",10.1186/s40623-016-0396-2,https://doi.org/10.1186/s40623-016-0396-2,Article,10,13,Regularization/weighting/model selection; Earthquake source/fault-slip inversion,No,No,2-s2.0-84958174710,pub.1045522231,doi,10.1186/s40623-016-0396-2
R0288,Dimensions only,2016,Ground Deformation in the Kyoto and Osaka Area During Recent 19 Years Detected with InSAR,"Hashimoto, Manabu",International Association of Geodesy Symposia,10.1007/1345_2016_222,https://doi.org/10.1007/1345_2016_222,Chapter,,8,Earthquake source/fault-slip inversion; Subsidence/reservoir/anthropogenic deformation,No,No,,pub.1001461640,doi,10.1007/1345_2016_222
R0289,Scopus only,2016,Interseismic deformation of the Altyn Tagh Fault determined by interferometric synthetic aperture radar (InSAR) measurements,Zhu S.; Xu C.; Wen Y.; Liu Y.,Remote Sensing,10.3390/rs8030233,https://doi.org/10.3390/rs8030233,Article,28,,Regularization/weighting/model selection; Earthquake source/fault-slip inversion; Landslide/slope/active-terrain deformation,No,No,2-s2.0-84962557248,,doi,10.3390/rs8030233
R0290,Both,2016,"Potential seasonal terrestrial water storage monitoring from GPS vertical displacements: A case study in the lower three-rivers headwater region, China",Zhang B.; Yao Y.; Fok H.S.; Hu Y.; Chen Q.,Sensors (Switzerland),10.3390/s16091526,https://doi.org/10.3390/s16091526,Article,22,23,Hydrology/gravity/mass redistribution,No,No,2-s2.0-84988452784,pub.1015457259,doi,10.3390/s16091526
R0291,Both,2016,Refining the shallow slip deficit,Xu X.; Tong X.; Sandwell D.T.; Milliner C.W.D.; Dolan J.F.; Hollingsworth J.; Leprince S.; Ayoub F.,Geophysical Journal International,10.1093/gji/ggv563,https://doi.org/10.1093/gji/ggv563,Article,129,132,Earthquake source/fault-slip inversion,No,No,2-s2.0-84962721089,pub.1059638033,doi,10.1093/gji/ggv563
R0292,Scopus only,2016,Rupture models of the Nepal MW7.9 earthquake and MW7.3 aftrershock constrained by GPS and InSAR coseismic deformations,Tan K.; Zhao B.; Zhang C.-H.; Du R.-L.; Wang Q.; Huang Y.; Zhang R.; Qiao X.-J.,Chinese Journal of Geophysics,10.6038/cjg20160614,https://doi.org/10.6038/cjg20160614,Article,21,,Regularization/weighting/model selection; Earthquake source/fault-slip inversion; Hydrology/gravity/mass redistribution,No,No,2-s2.0-84974573801,,doi,10.6038/cjg20160614
R0293,Dimensions only,2016,Seafloor geodetic constraints on interplate coupling of the Nankai Trough megathrust zone,"Yokota, Yusuke; Ishikawa, Tadashi; Watanabe, Shun-ichi; Tashiro, Toshiharu; Asada, Akira",Nature,10.1038/nature17632,https://doi.org/10.1038/nature17632,Article,,292,Earthquake source/fault-slip inversion,No,No,,pub.1026056350,doi,10.1038/nature17632
R0294,Dimensions only,2016,Seafloor observations indicate spatial separation of coseismic and postseismic slips in the 2011 Tohoku earthquake,"Iinuma, Takeshi; Hino, Ryota; Uchida, Naoki; Nakamura, Wataru; Kido, Motoyuki; Osada, Yukihito; Miura, Satoshi",Nature Communications,10.1038/ncomms13506,https://doi.org/10.1038/ncomms13506,Article,,101,Regularization/weighting/model selection; Earthquake source/fault-slip inversion,No,No,,pub.1028057531,doi,10.1038/ncomms13506
R0295,Dimensions only,2016,"Slip-partitioned surface ruptures for the Mw 7.0 16 April 2016 Kumamoto, Japan, earthquake","Toda, Shinji; Kaneda, Heitaro; Okada, Shinsuke; Ishimura, Daisuke; Mildon, Zoë K.","Earth, Planets and Space",10.1186/s40623-016-0560-8,https://doi.org/10.1186/s40623-016-0560-8,Article,,82,Earthquake source/fault-slip inversion; Volcanic deformation/source geometry,No,No,,pub.1019303196,doi,10.1186/s40623-016-0560-8
R0296,Both,2016,Source process of the 1923 kanto earthquake considering subduction interface geometry and amplification effects caused by the large-scale and 3D complex sedimentary basin,Yun S.; Koketsu K.; Kobayashi R.,Bulletin of the Seismological Society of America,10.1785/0120150371,https://doi.org/10.1785/0120150371,Article,6,7,Earthquake source/fault-slip inversion,No,No,2-s2.0-85002146326,pub.1068472146,doi,10.1785/0120150371
R0297,Dimensions only,2016,Space Geodetic Observations and Modeling of 2016 Mw 5.9 Menyuan Earthquake: Implications on Seismogenic Tectonic Motion,"Li, Yongsheng; Jiang, Wenliang; Zhang, Jingfa; Luo, Yi",Remote Sensing,10.3390/rs8060519,https://doi.org/10.3390/rs8060519,Article,,41,Earthquake source/fault-slip inversion,No,No,,pub.1047503092,doi,10.3390/rs8060519
R0298,Scopus only,2016,"Structural asperity focusing locking and earthquake slip along the Nicoya megathrust, Costa Rica",Kyriakopoulos C.; Newman A.V.,Journal of Geophysical Research: Solid Earth,10.1002/2016jb012886,https://doi.org/10.1002/2016jb012886,Article,27,,Earthquake source/fault-slip inversion; Landslide/slope/active-terrain deformation,No,No,2-s2.0-84979036474,,doi,10.1002/2016jb012886
R0299,Dimensions only,2016,The 2016 Kumamoto earthquake sequence,"Aitaro, KATO; NAKAMURA, Kouji; HIYAMA, Yohei",Proceedings of the Japan Academy Series B,10.2183/pjab.92.359,https://doi.org/10.2183/pjab.92.359,Article,,65,Earthquake source/fault-slip inversion,No,No,,pub.1023378433,doi,10.2183/pjab.92.359
R0300,Dimensions only,2015,Deposit loading and its effect on co-eruptive volcano deformation,"Odbert, Henry; Taisne, Benoit; Gottsmann, Joachim",Earth and Planetary Science Letters,10.1016/j.epsl.2015.01.005,https://doi.org/10.1016/j.epsl.2015.01.005,Article,,25,Volcanic deformation/source geometry; Hydrology/gravity/mass redistribution; Subsidence/reservoir/anthropogenic deformation,No,No,,pub.1052828977,doi,10.1016/j.epsl.2015.01.005
R0301,Both,2015,"Dynamic rupture models of earthquakes on the Bartlett Springs Fault, Northern California",Lozos J.C.; Harris R.A.; Murray J.R.; Lienkaemper J.J.,Geophysical Research Letters,10.1002/2015gl063802,https://doi.org/10.1002/2015gl063802,Article,32,32,Regularization/weighting/model selection; Earthquake source/fault-slip inversion,No,No,2-s2.0-84934434818,pub.1027659668,doi,10.1002/2015gl063802
R0302,Both,2015,Effects of material property variations on slip estimates for subduction interface slow-slip events,Williams C.A.; Wallace L.M.,Geophysical Research Letters,10.1002/2014gl062505,https://doi.org/10.1002/2014gl062505,Article,54,54,Earthquake source/fault-slip inversion; Landslide/slope/active-terrain deformation,No,No,2-s2.0-84924854445,pub.1012571953,doi,10.1002/2014gl062505
R0303,Dimensions only,2015,Episodic Deflation–Inflation Events at Kīlauea Volcano and Implications for the Shallow Magma System,"Anderson, Kyle R.; Poland, Michael P.; Johnson, Jessica H.; Miklius, Asta",Geophysical Monograph Series,10.1002/9781118872079.ch11,https://doi.org/10.1002/9781118872079.ch11,Chapter,,80,Volcanic deformation/source geometry; Subsidence/reservoir/anthropogenic deformation; Landslide/slope/active-terrain deformation,No,No,,pub.1033089675,doi,10.1002/9781118872079.ch11
R0304,Dimensions only,2015,Fault slip source models for the 2014 Mw 6.9 Samothraki‐Gökçeada earthquake (North Aegean Trough) combining geodetic and seismological observations,"Saltogianni, Vasso; Gianniou, Michail; Taymaz, Tuncay; Yolsal‐Çevikbilen, Seda; Stiros, Stathis",Journal of Geophysical Research: Solid Earth,10.1002/2015jb012052,https://doi.org/10.1002/2015jb012052,Article,,37,Earthquake source/fault-slip inversion,No,No,,pub.1003913649,doi,10.1002/2015jb012052
R0305,Scopus only,2015,"Geodetic imaging of potential seismogenic asperities on the Xianshuihe-Anninghe-Zemuhe fault system, southwest China, with a new 3-D viscoelastic interseismic coupling model",Jiang G.; Xu X.; Chen G.; Liu Y.; Fukahata Y.; Wang H.; Yu G.; Tan X.; Xu C.,Journal of Geophysical Research: Solid Earth,10.1002/2014jb011492,https://doi.org/10.1002/2014jb011492,Article,154,,Regularization/weighting/model selection; Earthquake source/fault-slip inversion; Landslide/slope/active-terrain deformation,No,No,2-s2.0-84927740264,,doi,10.1002/2014jb011492
R0306,Both,2015,Geodetic inversion for source mechanism variations with application to the 2008 Mw7.9 wenchuan earthquake,Zhang Y.; Wang R.,Geophysical Journal International,10.1093/gji/ggu496,https://doi.org/10.1093/gji/ggu496,Article,11,9,Earthquake source/fault-slip inversion,No,No,2-s2.0-84928201170,pub.1059637540,doi,10.1093/gji/ggu496
R0307,Dimensions only,2015,Geodetic model of the 2015 April 25 Mw 7.8 Gorkha Nepal Earthquake and Mw 7.3 aftershock estimated from InSAR and GPS data,"Feng, Guangcai; Li, Zhiwei; Shan, Xinjian; Zhang, Lei; Zhang, Guohong; Zhu, Jianjun",Geophysical Journal International,10.1093/gji/ggv335,https://doi.org/10.1093/gji/ggv335,Article,,77,Earthquake source/fault-slip inversion,No,No,,pub.1032719196,doi,10.1093/gji/ggv335
R0308,Dimensions only,2015,Palaeotsunamis and tsunami hazards in the Eastern Mediterranean,"England, Philip; Howell, Andrew; Jackson, James; Synolakis, Costas",Philosophical Transactions of the Royal Society A Mathematical Physical and Engineering Sciences,10.1098/rsta.2014.0374,https://doi.org/10.1098/rsta.2014.0374,Article,,41,Regularization/weighting/model selection; Earthquake source/fault-slip inversion,No,No,,pub.1019345509,doi,10.1098/rsta.2014.0374
R0309,Dimensions only,2015,Potential for a large earthquake near Los Angeles inferred from the 2014 La Habra earthquake,"Donnellan, Andrea; Grant Ludwig, Lisa; Parker, Jay W; Rundle, John B; Wang, Jun; Pierce, Marlon; Blewitt, Geoffrey; Hensley, Scott",Earth and Space Science,10.1002/2015ea000113,https://doi.org/10.1002/2015ea000113,Article,,24,Earthquake source/fault-slip inversion; Landslide/slope/active-terrain deformation,No,No,,pub.1053023395,doi,10.1002/2015ea000113
R0310,Dimensions only,2015,Seismogenic faulting of the sedimentary sequence and laterally variable material properties in the Zagros Mountains (Iran) revealed by the August 2014 Murmuri (E. Dehloran) earthquake sequence,"Copley, Alex; Karasozen, Ezgi; Oveisi, Behnam; Elliott, John R.; Samsonov, Sergey; Nissen, Edwin",Geophysical Journal International,10.1093/gji/ggv365,https://doi.org/10.1093/gji/ggv365,Article,,45,Earthquake source/fault-slip inversion,No,No,,pub.1059637860,doi,10.1093/gji/ggv365
R0311,Dimensions only,2015,Stability of rapid finite‐fault inversion for the 2014 Mw6.1 South Napa earthquake,"Zhang, Yong; Wang, Rongjiang; Chen, Yun‐Tai",Geophysical Research Letters,10.1002/2015gl066244,https://doi.org/10.1002/2015gl066244,Article,,17,Earthquake source/fault-slip inversion,No,No,,pub.1009485451,doi,10.1002/2015gl066244
R0312,Dimensions only,2015,"Strain accumulation across the Prince William Sound asperity, Southcentral Alaska","Savage, J. C.; Svarc, J. L.; Lisowski, M.",Journal of Geophysical Research: Solid Earth,10.1002/2014jb011652,https://doi.org/10.1002/2014jb011652,Article,,2,Earthquake source/fault-slip inversion; Hydrology/gravity/mass redistribution; Landslide/slope/active-terrain deformation,No,No,,pub.1043554908,doi,10.1002/2014jb011652
R0313,Dimensions only,2015,"Subduction tractions and vertical axis rotations in the Zagros–Makran transition zone, SE Iran: the 2013 May 11 Mw 6.1 Minab earthquake","Penney, Camilla; Copley, Alex; Oveisi, Behnam",Geophysical Journal International,10.1093/gji/ggv202,https://doi.org/10.1093/gji/ggv202,Article,,23,Earthquake source/fault-slip inversion,No,No,,pub.1059637718,doi,10.1093/gji/ggv202
R0314,Dimensions only,2015,"The 18 August 2014 Mw 6.2 Mormori, Iran, Earthquake: A Thin‐Skinned Faulting in the Zagros Mountain Inferred from InSAR Measurements","Motagh; Bahroudi, Abbas; Haghighi, Mahmud Haghshenas; Samsonov, Sergey; Fielding, Eric; Wetzel, Hans‐Ulrich",Seismological Research Letters,10.1785/0220140222,https://doi.org/10.1785/0220140222,Article,,40,Earthquake source/fault-slip inversion,No,No,,pub.1024195487,doi,10.1785/0220140222
R0315,Dimensions only,2015,The 2014 United States National Seismic Hazard Model,"Petersen, Mark D.; Moschetti, Morgan P.; Powers, Peter M.; Mueller, Charles S.; Haller, Kathleen M.; Frankel, Arthur D.; Zeng, Yuehua; Rezaeian, Sanaz; Harmsen, Stephen C.; Boyd, Oliver S.; Field, Ned; Chen, Rui; Rukstales, Kenneth S.; Luco, Nico; Wheeler, Russell L.; Williams, Robert A.; Olsen, Anna H.",Earthquake Spectra,10.1193/120814eqs210m,https://doi.org/10.1193/120814eqs210m,Article,,172,Earthquake source/fault-slip inversion; Landslide/slope/active-terrain deformation,No,No,,pub.1037322647,doi,10.1193/120814eqs210m
R0316,Dimensions only,2015,Validation of linearity assumptions for using tsunami waveforms in joint inversion of kinematic rupture models: Application to the 2010 Mentawai Mw 7.8 tsunami earthquake,"Yue, Han; Lay, Thorne; Li, Linyan; Yamazaki, Yoshiki; Cheung, Kwok Fai; Rivera, Luis; Hill, Emma M.; Sieh, Kerry; Kongko, Widjo; Muhari, Abdul",Journal of Geophysical Research: Solid Earth,10.1002/2014jb011721,https://doi.org/10.1002/2014jb011721,Article,,28,Regularization/weighting/model selection; Earthquake source/fault-slip inversion,No,No,,pub.1024399243,doi,10.1002/2014jb011721
R0317,Dimensions only,2014,Ball-and-socket tectonic rotation during the 2013 M w 7.7 Balochistan earthquake,"Barnhart, W.D.; Hayes, G.P.; Briggs, R.W.; Gold, R.D.; Bilham, R.",Earth and Planetary Science Letters,10.1016/j.epsl.2014.07.001,https://doi.org/10.1016/j.epsl.2014.07.001,Article,,51,Earthquake source/fault-slip inversion,No,No,,pub.1022977460,doi,10.1016/j.epsl.2014.07.001
R0318,Dimensions only,2014,Holocene Earthquake History of Cascadia: A Quantitative TestShort Note,"Scholz, Christopher H.",Bulletin of the Seismological Society of America,10.1785/0120140002,https://doi.org/10.1785/0120140002,Article,,7,Earthquake source/fault-slip inversion,No,No,,pub.1050677222,doi,10.1785/0120140002
R0319,Both,2014,How much can off-fault deformation contribute to the slip rate discrepancy within the eastern California shear zone?,Herbert J.W.; Cooke M.L.; Oskin M.; Difo O.,Geology,10.1130/g34738.1,https://doi.org/10.1130/g34738.1,Article,59,62,Earthquake source/fault-slip inversion; Landslide/slope/active-terrain deformation,No,No,2-s2.0-84891715071,pub.1015061396,doi,10.1130/g34738.1
R0320,Both,2014,"Interplate coupling model off the southwestern coast of Java, Indonesia, based on continuous GPS data in 2008-2010",Hanifa N.R.; Sagiya T.; Kimata F.; Efendi J.; Abidin H.Z.; Meilano I.,Earth and Planetary Science Letters,10.1016/j.epsl.2014.06.010,https://doi.org/10.1016/j.epsl.2014.06.010,Article,81,82,Regularization/weighting/model selection; Earthquake source/fault-slip inversion,No,No,2-s2.0-84902982594,pub.1002999855,doi,10.1016/j.epsl.2014.06.010
R0321,Both,2014,Source scaling relations and along-strike segmentation of slow slip events in a 3-D subduction fault model,Liu Y.,Journal of Geophysical Research: Solid Earth,10.1002/2014jb011144,https://doi.org/10.1002/2014jb011144,Article,26,28,Regularization/weighting/model selection; Earthquake source/fault-slip inversion; Landslide/slope/active-terrain deformation,No,No,2-s2.0-84919742563,pub.1019186086,doi,10.1002/2014jb011144
R0322,Scopus only,2014,The Al Hoceima Mw 6.4 earthquake of 24 February 2004 and its aftershocks sequence,Van der Woerd J.; Dorbath C.; Ousadou F.; Dorbath L.; Delouis B.; Jacques E.; Tapponnier P.; Hahou Y.; Menzhi M.; Frogneux M.; Haessler H.,Journal of Geodynamics,10.1016/j.jog.2013.12.004,https://doi.org/10.1016/j.jog.2013.12.004,Article,44,,Earthquake source/fault-slip inversion; Landslide/slope/active-terrain deformation,No,No,2-s2.0-84901278005,,doi,10.1016/j.jog.2013.12.004
R0323,Scopus only,2014,The Boso slow slip events in 2007 and 2011 as a driving process for the accompanying earthquake swarm,Hirose H.; Matsuzawa T.; Kimura T.; Kimura H.,Geophysical Research Letters,10.1002/2014gl059791,https://doi.org/10.1002/2014gl059791,Article,58,,Earthquake source/fault-slip inversion; Landslide/slope/active-terrain deformation,No,No,2-s2.0-84899044263,,doi,10.1002/2014gl059791
R0324,Dimensions only,2014,Triggering Mechanism of Earthquake Induced Landslides,"Kazmi, Zaheer Abbas; Konagai, Kazuo",,10.1007/978-3-319-04996-0_34,https://doi.org/10.1007/978-3-319-04996-0_34,Chapter,,1,Earthquake source/fault-slip inversion; Landslide/slope/active-terrain deformation,No,No,,pub.1003225560,doi,10.1007/978-3-319-04996-0_34
R0325,Dimensions only,2013,Are the frictional properties of creeping faults persistent? Evidence from rapid afterslip following the 2011 Tohoku‐oki earthquake,"Fukuda, Jun'ichi; Kato, Aitaro; Kato, Naoyuki; Aoki, Yosuke",Geophysical Research Letters,10.1002/grl.50713,https://doi.org/10.1002/grl.50713,Article,,35,Earthquake source/fault-slip inversion,No,No,,pub.1015385676,doi,10.1002/grl.50713
R0326,Dimensions only,2013,Biased geodetic inference on asperity distribution on a subducted plate interface: a quantitative study,"Hirai, Takashi; Sagiya, Takeshi","Earth, Planets and Space",10.5047/eps.2012.08.008,https://doi.org/10.5047/eps.2012.08.008,Article,,1,AI/neural surrogates/visualization/emerging sensing; Earthquake source/fault-slip inversion,No,No,,pub.1072567060,doi,10.5047/eps.2012.08.008
R0327,Scopus only,2013,"Depth extent of the long-term slow slip event in the Tokai district, central Japan: A new insight",Ochi T.; Kato T.,Journal of Geophysical Research: Planets,10.1002/jgrb.50355,https://doi.org/10.1002/jgrb.50355,Article,32,,Earthquake source/fault-slip inversion; Landslide/slope/active-terrain deformation,No,No,2-s2.0-84886882640,,doi,10.1002/jgrb.50355
R0328,Dimensions only,2013,Discussion on the III-Conditioned Problems in Geodesy,"Sun, Tong He; Yan, Guo Qing",Applied Mechanics and Materials,10.4028/www.scientific.net/amm.353-356.3473,https://doi.org/10.4028/www.scientific.net/amm.353-356.3473,Article,,0,Regularization/weighting/model selection,No,No,,pub.1071935612,doi,10.4028/www.scientific.net/amm.353-356.3473
R0329,Dimensions only,2013,Dual K-Type Ridge Estimation of Inverse Problem with Morbid Equality Constraints,"Zhong, Chao; Fu, Ji; Du, Yuan Lu; Gui, Qing Ming; Gu, Yong Wei",Applied Mechanics and Materials,10.4028/www.scientific.net/amm.416-417.1289,https://doi.org/10.4028/www.scientific.net/amm.416-417.1289,Article,,0,General geodetic inversion / Earth-observation modelling,No,No,,pub.1071945463,doi,10.4028/www.scientific.net/amm.416-417.1289
R0330,Dimensions only,2013,Effect of the largest foreshock (Mw 7.3) on triggering the 2011 Tohoku earthquake (Mw 9.0),"Gusman, Aditya Riadi; Fukuoka, Mitsuteru; Tanioka, Yuichiro; Sakai, Shin'ichi",Geophysical Research Letters,10.1002/grl.50153,https://doi.org/10.1002/grl.50153,Article,,9,Earthquake source/fault-slip inversion,No,No,,pub.1024511486,doi,10.1002/grl.50153
R0331,Dimensions only,2013,"Fault‐Slip Source Models for the 2011 M 7.1 Van Earthquake in Turkey from SAR Interferometry, Pixel Offset Tracking, GPS, and Seismic Waveform Analysis","Fielding, Eric J.; Lundgren, Paul R.; Taymaz, Tuncay; Yolsal‐Çevikbilen, Seda; Owen, Susan E.",Seismological Research Letters,10.1785/0220120164,https://doi.org/10.1785/0220120164,Article,,95,Earthquake source/fault-slip inversion,No,No,,pub.1027285112,doi,10.1785/0220120164
R0332,Both,2013,High-frequency source imaging of the 2011 October 23 Van (Eastern Turkey) earthquake by backprojection of strong motion waveforms,Evangelidis C.P.; Kao H.,Geophysical Journal International,10.1093/gji/ggt437,https://doi.org/10.1093/gji/ggt437,Article,21,22,Earthquake source/fault-slip inversion,No,No,2-s2.0-84892471645,pub.1059637027,doi,10.1093/gji/ggt437
R0333,Dimensions only,2013,"Interplate coupling off northeastern Japan before the 2011 Tohoku‐oki earthquake, inferred from seafloor geodetic data","Sato, Mariko; Fujita, Masayuki; Matsumoto, Yoshihiro; Ishikawa, Tadashi; Saito, Hiroaki; Mochizuki, Masashi; Asada, Akira",Journal of Geophysical Research: Solid Earth,10.1002/jgrb.50275,https://doi.org/10.1002/jgrb.50275,Article,,52,Earthquake source/fault-slip inversion; Landslide/slope/active-terrain deformation,No,No,,pub.1004958042,doi,10.1002/jgrb.50275
R0334,Dimensions only,2013,"Joint inversion of seismic and geodetic data for the source of the 2010 March 4, Mw 6.3 Jia-Shian, SW Taiwan, earthquake","Huang, Mong-Han; Dreger, Douglas; Bürgmann, Roland; Yoo, Seung-Hoon; Hashimoto, Manabu",Geophysical Journal International,10.1093/gji/ggt058,https://doi.org/10.1093/gji/ggt058,Article,,39,Regularization/weighting/model selection; Earthquake source/fault-slip inversion; Landslide/slope/active-terrain deformation,No,No,,pub.1009351705,doi,10.1093/gji/ggt058
R0335,Dimensions only,2013,Numerical simulations on megathrust rupture stabilized under strong dilatancy strengthening in slow slip region,"Liu, Yajing",Geophysical Research Letters,10.1002/grl.50298,https://doi.org/10.1002/grl.50298,Article,,58,AI/neural surrogates/visualization/emerging sensing; Earthquake source/fault-slip inversion; Landslide/slope/active-terrain deformation,No,No,,pub.1004041922,doi,10.1002/grl.50298
R0336,Dimensions only,2013,Phantom earthquakes and triggered aseismic creep: Vertical partitioning of strain during earthquake sequences in Iran,"Barnhart, William D.; Lohman, Rowena B.",Geophysical Research Letters,10.1002/grl.50201,https://doi.org/10.1002/grl.50201,Article,,43,AI/neural surrogates/visualization/emerging sensing; Earthquake source/fault-slip inversion; Landslide/slope/active-terrain deformation,No,No,,pub.1008954323,doi,10.1002/grl.50201
R0337,Scopus only,2013,Progress in total least squares,Wang L.; Xu C.,Wuhan Daxue Xuebao (Xinxi Kexue Ban)/Geomatics and Information Science of Wuhan University,,,Article,29,,Regularization/weighting/model selection,No,No,2-s2.0-84881001631,,title,progress in total least squares
R0338,Dimensions only,2013,"Revised Interface Geometry for the Hikurangi Subduction Zone, New Zealand","Williams, Charles A.; Eberhart‐Phillips, Donna; Bannister, Stephen; Barker, Daniel H. N.; Henrys, Stuart; Reyners, Martin; Sutherland, Rupert",Seismological Research Letters,10.1785/0220130035,https://doi.org/10.1785/0220130035,Article,,210,Earthquake source/fault-slip inversion,No,No,,pub.1016577373,doi,10.1785/0220130035
R0339,Dimensions only,2013,"Rupture History of the 2008 Mw 7.9 Wenchuan, China, Earthquake: Evaluation of Separate and Joint Inversions of Geodetic, Teleseismic, and Strong‐Motion DataRupture History of 2008 Mw 7.9 Wenchuan, China, Earthquake","Hartzell, Stephen; Mendoza, Carlos; Ramirez‐Guzman, Leonardo; Zeng, Yuehua; Mooney, Walter",Bulletin of the Seismological Society of America,10.1785/0120120108,https://doi.org/10.1785/0120120108,Article,,54,Earthquake source/fault-slip inversion,No,No,,pub.1008862427,doi,10.1785/0120120108
R0340,Dimensions only,2013,"Scaling relations of seismic moment, rupture area, average slip, and asperity size for M~9 subduction‐zone earthquakes","Murotani, Satoko; Satake, Kenji; Fujii, Yushiro",Geophysical Research Letters,10.1002/grl.50976,https://doi.org/10.1002/grl.50976,Article,,150,Earthquake source/fault-slip inversion,No,No,,pub.1005424030,doi,10.1002/grl.50976
R0341,Both,2013,Source process of the 2011 Tohoku earthquake estimated from the joint inversion of teleseismic body waves and geodetic data including seafloor observation data: Source model with enhanced reliability by using objectively determined inversion settings,Kubo H.; Kakehi Y.,Bulletin of the Seismological Society of America,10.1785/0120120113,https://doi.org/10.1785/0120120113,Article,28,37,Regularization/weighting/model selection; Earthquake source/fault-slip inversion,No,No,2-s2.0-84877311698,pub.1068471757,doi,10.1785/0120120113
R0342,Dimensions only,2013,Source Rupture Models for the Mw 9.0 2011 Tohoku Earthquake from Joint Inversions of High‐Rate Geodetic and Seismic DataSource Rupture Models for the Mw 9.0 2011 Tohoku Earthquake,"Yue, Han; Lay, Thorne",Bulletin of the Seismological Society of America,10.1785/0120120119,https://doi.org/10.1785/0120120119,Article,,72,Regularization/weighting/model selection; Earthquake source/fault-slip inversion,No,No,,pub.1068471760,doi,10.1785/0120120119
R0343,Dimensions only,2013,The Regularization Method Based on Complex Collinearity Diagnostics and Metrics,"Zhong, Chao; Gu, Yong Wei; Fu, Ji; Du, Yuan Lu; Gui, Qing Ming",Applied Mechanics and Materials,10.4028/www.scientific.net/amm.416-417.1393,https://doi.org/10.4028/www.scientific.net/amm.416-417.1393,Article,,0,Regularization/weighting/model selection,No,No,,pub.1071945484,doi,10.4028/www.scientific.net/amm.416-417.1393
R0344,Dimensions only,2013,The Regularization Method with Morbid Problems of Equality Constraints,"Zhong, Chao; Du, Yuan Lu; Gu, Yong Wei; Fu, Ji; Gui, Qing Ming",Applied Mechanics and Materials,10.4028/www.scientific.net/amm.416-417.1025,https://doi.org/10.4028/www.scientific.net/amm.416-417.1025,Article,,1,Regularization/weighting/model selection,No,No,,pub.1071945407,doi,10.4028/www.scientific.net/amm.416-417.1025
R0345,Dimensions only,2013,Volcanic subsidence triggered by the 2011 Tohoku earthquake in Japan,"Takada, Youichiro; Fukushima, Yo",Nature Geoscience,10.1038/ngeo1857,https://doi.org/10.1038/ngeo1857,Article,,103,Earthquake source/fault-slip inversion; Subsidence/reservoir/anthropogenic deformation,No,No,,pub.1026386773,doi,10.1038/ngeo1857
R0346,Dimensions only,2012,"Challenging the rate‐state asperity model: Afterslip following the 2011 M9 Tohoku‐oki, Japan, earthquake","Johnson, Kaj M.; Fukuda, Jun'ichi; Segall, Paul",Geophysical Research Letters,10.1029/2012gl052901,https://doi.org/10.1029/2012gl052901,Article,,76,Earthquake source/fault-slip inversion,No,No,,pub.1021942887,doi,10.1029/2012gl052901
R0347,Dimensions only,2012,Depth‐varying rupture properties of subduction zone megathrust faults,"Lay, Thorne; Kanamori, Hiroo; Ammon, Charles J.; Koper, Keith D.; Hutko, Alexander R.; Ye, Lingling; Yue, Han; Rushing, Teresa M.",Journal of Geophysical Research,10.1029/2011jb009133,https://doi.org/10.1029/2011jb009133,Article,,590,Earthquake source/fault-slip inversion; Landslide/slope/active-terrain deformation,No,No,,pub.1008834992,doi,10.1029/2011jb009133
R0348,Dimensions only,2012,Evolution of the 2010–2012 Canterbury earthquake sequence,"Bannister, S; Gledhill, K",New Zealand Journal of Geology and Geophysics,10.1080/00288306.2012.680475,https://doi.org/10.1080/00288306.2012.680475,Article,,114,Earthquake source/fault-slip inversion,No,No,,pub.1037133002,doi,10.1080/00288306.2012.680475
R0349,Dimensions only,2012,Modeling of ALOS and COSMO-SkyMed satellite data at Mt Etna: Implications on relation between seismic activation of the Pernicana fault system and volcanic unrest,"Currenti, Gilda; Solaro, Giuseppe; Napoli, Rosalba; Pepe, Antonio; Bonaccorso, Alessandro; Del Negro, Ciro; Sansosti, Eugenio",Remote Sensing of Environment,10.1016/j.rse.2012.07.008,https://doi.org/10.1016/j.rse.2012.07.008,Article,,20,AI/neural surrogates/visualization/emerging sensing; Regularization/weighting/model selection; Earthquake source/fault-slip inversion,No,No,,pub.1030154325,doi,10.1016/j.rse.2012.07.008
R0350,Dimensions only,2012,Numerical Simulation of the 2011 Tohoku Tsunami Based on a New Transient FEM Co-seismic Source: Comparison to Far- and Near-Field Observations,"Grilli, Stephan T.; Harris, Jeffrey C.; Tajalli Bakhsh, Tayebeh S.; Masterlark, Timothy L.; Kyriakopoulos, Christodoulos; Kirby, James T.; Shi, Fengyan",Pure and Applied Geophysics,10.1007/s00024-012-0528-y,https://doi.org/10.1007/s00024-012-0528-y,Article,,142,AI/neural surrogates/visualization/emerging sensing; Regularization/weighting/model selection; Earthquake source/fault-slip inversion,No,No,,pub.1026727442,doi,10.1007/s00024-012-0528-y
R0351,Dimensions only,2012,"Preceding, coseismic, and postseismic slips of the 2011 Tohoku earthquake, Japan","Ozawa, Shinzaburo; Nishimura, Takuya; Munekane, Hiroshi; Suito, Hisashi; Kobayashi, Tomokazu; Tobita, Mikio; Imakiire, Tetsuro",Journal of Geophysical Research,10.1029/2011jb009120,https://doi.org/10.1029/2011jb009120,Article,,287,Earthquake source/fault-slip inversion; Landslide/slope/active-terrain deformation,No,No,,pub.1030179442,doi,10.1029/2011jb009120
R0352,Dimensions only,2012,Properties of the total least squares estimation,"Leyang, Wang",Geodesy and Geodynamics,10.3724/sp.j.1246.2012.00039.1,https://doi.org/10.3724/sp.j.1246.2012.00039.1,Article,,12,Regularization/weighting/model selection,No,No,,pub.1015059251,doi,10.3724/sp.j.1246.2012.00039.1
R0353,Scopus only,2012,Research on theory and application of total least squares in geodetic inversion,Wang L.,Cehui Xuebao/Acta Geodaetica et Cartographica Sinica,,,Note,15,,Regularization/weighting/model selection,No,No,2-s2.0-84867133852,,title,research on theory and application of total least squares in geodetic inversion
R0354,Dimensions only,2012,Static slip model of the Mw 9.0 Tohoku (Japan) earthquake: Results from joint inversion of terrestrial GPS data and seafloor GPS/acoustic data,"Diao, FaQi; Xiong, Xiong; Zheng, Yong",Science Bulletin,10.1007/s11434-012-5014-5,https://doi.org/10.1007/s11434-012-5014-5,Article,,16,Earthquake source/fault-slip inversion,No,No,,pub.1012998383,doi,10.1007/s11434-012-5014-5
R0355,Dimensions only,2012,Temporal and spatial evolution of hypocentres and anisotropy from the Darfield aftershock sequence: implications for fault geometry and age,"Syracuse, EM; Holt, RA; Savage, MK; Johnson, JH; Thurber, CH; Unglert, K; Allan, KN; Karaliyadda, S; Henderson, M",New Zealand Journal of Geology and Geophysics,10.1080/00288306.2012.690766,https://doi.org/10.1080/00288306.2012.690766,Article,,16,Earthquake source/fault-slip inversion,No,No,,pub.1035338727,doi,10.1080/00288306.2012.690766
R0356,Dimensions only,2012,The Mw 6.2 Christchurch earthquake of February 2011: preliminary report,"Kaiser, A; Holden, C; Beavan, J; Beetham, D; Benites, R; Celentano, A; Collett, D; Cousins, J; Cubrinovski, M; Dellow, G; Denys, P; Fielding, E; Fry, B; Gerstenberger, M; Langridge, R; Massey, C; Motagh, M; Pondard, N; McVerry, G; Ristau, J; Stirling, M; Thomas, J; Uma; Zhao, J",New Zealand Journal of Geology and Geophysics,10.1080/00288306.2011.641182,https://doi.org/10.1080/00288306.2011.641182,Article,,196,Earthquake source/fault-slip inversion,No,No,,pub.1014141177,doi,10.1080/00288306.2011.641182
R0357,Dimensions only,2012,"Tsunami run-up associated with co-seismic thrust slip produced by the 2011 Mw 9.0 Off Pacific Coast of Tohoku earthquake, Japan","Lin, Aiming; Ikuta, Ryoya; Rao, Gang",Earth and Planetary Science Letters,10.1016/j.epsl.2012.04.047,https://doi.org/10.1016/j.epsl.2012.04.047,Article,,24,Regularization/weighting/model selection; Earthquake source/fault-slip inversion,No,No,,pub.1014470105,doi,10.1016/j.epsl.2012.04.047
R0358,Dimensions only,2012,Under the Hood of the Earthquake Machine: Toward Predictive Modeling of the Seismic Cycle,"Barbot, Sylvain; Lapusta, Nadia; Avouac, Jean-Philippe",Science,10.1126/science.1218796,https://doi.org/10.1126/science.1218796,Article,,242,Earthquake source/fault-slip inversion,No,No,,pub.1062465990,doi,10.1126/science.1218796
R0359,Dimensions only,2011,A unified source model for the 2011 Tohoku earthquake,"Koketsu, Kazuki; Yokota, Yusuke; Nishimura, Naoki; Yagi, Yuji; Miyazaki, Shin'ichi; Satake, Kenji; Fujii, Yushiro; Miyake, Hiroe; Sakai, Shin'ichi; Yamanaka, Yoshiko; Okada, Tomomi",Earth and Planetary Science Letters,10.1016/j.epsl.2011.09.009,https://doi.org/10.1016/j.epsl.2011.09.009,Article,,239,AI/neural surrogates/visualization/emerging sensing; Earthquake source/fault-slip inversion,No,No,,pub.1053276590,doi,10.1016/j.epsl.2011.09.009
R0360,Scopus only,2011,"Active upper plate thrust faulting in regions of low plate interface coupling, repeated slow slip events, and coastal uplift: Example from the Hikurangi Margin, New Zealand",Mountjoy J.J.; Barnes P.M.,"Geochemistry, Geophysics, Geosystems",10.1029/2010gc003326,https://doi.org/10.1029/2010gc003326,Article,58,,Earthquake source/fault-slip inversion; Landslide/slope/active-terrain deformation,No,No,2-s2.0-79551647902,,doi,10.1029/2010gc003326
R0361,Dimensions only,2011,Asymmetric Tensor Field Visualization for Surfaces,"Chen, Guoning; Palke, Darrel; Lin, Zhongzang; Yeh, Harry; Vincent, Paul; Laramee, Robert S.; Zhang, Eugene",IEEE Transactions on Visualization and Computer Graphics,10.1109/tvcg.2011.170,https://doi.org/10.1109/tvcg.2011.170,Article,,29,AI/neural surrogates/visualization/emerging sensing; Earthquake source/fault-slip inversion,No,No,,pub.1061813563,doi,10.1109/tvcg.2011.170
R0362,Both,2011,Coseismic slip distribution of the 2011 off the Pacific coast of Tohoku Earthquake (M 9.0) estimated based on GPS data-Was the asperity in Miyagi-oki ruptured?,Iinuma T.; Ohzono M.; Ohta Y.; Miura S.,"Earth, Planets and Space",10.5047/eps.2011.06.013,https://doi.org/10.5047/eps.2011.06.013,Article,105,110,Earthquake source/fault-slip inversion,No,No,2-s2.0-80052240967,pub.1009292479,doi,10.5047/eps.2011.06.013
R0363,Dimensions only,2011,"Coseismic slip distribution of the February 27, 2010 Mw 8.8 Maule, Chile earthquake","Pollitz, Fred F.; Brooks, Ben; Tong, Xiaopeng; Bevis, Michael G.; Foster, James H.; Bürgmann, Roland; Smalley, Robert; Vigny, Christophe; Socquet, Anne; Ruegg, Jean‐Claude; Campos, Jaime; Barrientos, Sergio; Parra, Héctor; Soto, Juan Carlos Baez; Cimbaro, Sergio; Blanco, Mauro",Geophysical Research Letters,10.1029/2011gl047065,https://doi.org/10.1029/2011gl047065,Article,,102,Earthquake source/fault-slip inversion,No,No,,pub.1020316053,doi,10.1029/2011gl047065
R0364,Both,2011,Effects of sedimentary layer on earthquake source modeling from geodetic inversion,Chen W.; Ni S.; Wei S.; Wang Z.; Xie J.,Earthquake Science,10.1007/s11589-010-0786-7,https://doi.org/10.1007/s11589-010-0786-7,Article,1,0,AI/neural surrogates/visualization/emerging sensing; Earthquake source/fault-slip inversion,No,No,2-s2.0-79956197420,pub.1051809412,doi,10.1007/s11589-010-0786-7
R0365,Dimensions only,2011,Fan-delta uplift and mountain subsidence during the Haiti 2010 earthquake,"Hashimoto, Manabu; Fukushima, Yo; Fukahata, Yukitoshi",Nature Geoscience,10.1038/ngeo1115,https://doi.org/10.1038/ngeo1115,Article,,35,Earthquake source/fault-slip inversion; Subsidence/reservoir/anthropogenic deformation,No,No,,pub.1053340348,doi,10.1038/ngeo1115
R0366,Both,2011,Interplate fault slip along the Japan Trench before the occurrence of the 2011 off the Pacific coast of Tohoku Earthquake as inferred from GPS data,Suito H.; Nishimura T.; Tobita M.; Imakiire T.; Ozawa S.,"Earth, Planets and Space",10.5047/eps.2011.06.053,https://doi.org/10.5047/eps.2011.06.053,Article,70,72,Earthquake source/fault-slip inversion,No,No,2-s2.0-80054769075,pub.1008323363,doi,10.5047/eps.2011.06.053
R0367,Dimensions only,2011,Inversion of high‐rate (1 sps) GPS data for rupture process of the 11 March 2011 Tohoku earthquake (Mw 9.1),"Yue, H.; Lay, T.",Geophysical Research Letters,10.1029/2011gl048700,https://doi.org/10.1029/2011gl048700,Article,,168,Earthquake source/fault-slip inversion,No,No,,pub.1046486880,doi,10.1029/2011gl048700
R0368,Dimensions only,2011,"Joint inversion of strong motion, teleseismic, geodetic, and tsunami datasets for the rupture process of the 2011 Tohoku earthquake","Yokota, Yusuke; Koketsu, Kazuki; Fujii, Yushiro; Satake, Kenji; Sakai, Shin'ichi; Shinohara, Masanao; Kanazawa, Toshihiko",Geophysical Research Letters,10.1029/2011gl050098,https://doi.org/10.1029/2011gl050098,Article,,181,Regularization/weighting/model selection; Earthquake source/fault-slip inversion,No,No,,pub.1002214889,doi,10.1029/2011gl050098
R0369,Dimensions only,2011,Magmatic‐metering controls the stopping and restarting of eruptions,"Foroozan, Roozbeh; Elsworth, Derek; Voight, Barry; Mattioli, Glen S.",Geophysical Research Letters,10.1029/2010gl046591,https://doi.org/10.1029/2010gl046591,Article,,15,Volcanic deformation/source geometry,No,No,,pub.1014858228,doi,10.1029/2010gl046591
R0370,Dimensions only,2011,Modeling near‐field tsunami observations to improve finite‐fault slip models for the 11 March 2011 Tohoku earthquake,"Yamazaki, Y.; Lay, T.; Cheung, K. F.; Yue, H.; Kanamori, H.",Geophysical Research Letters,10.1029/2011gl049130,https://doi.org/10.1029/2011gl049130,Article,,119,Earthquake source/fault-slip inversion,No,No,,pub.1031360618,doi,10.1029/2011gl049130
R0371,Both,2011,Optimal fault resolution in geodetic inversion of coseismic data,Atzori S.; Antonioli A.,Geophysical Journal International,10.1111/j.1365-246x.2011.04955.x,https://doi.org/10.1111/j.1365-246x.2011.04955.x,Article,52,50,Regularization/weighting/model selection; Earthquake source/fault-slip inversion,No,No,2-s2.0-79952660830,pub.1022720932,doi,10.1111/j.1365-246x.2011.04955.x
R0372,Both,2011,Possible large near-trench slip during the 2011Mw 9.0 off the Pacific coast of Tohoku Earthquake,Lay T.; Ammon C.J.; Kanamori H.; Xue L.; Kim M.J.,"Earth, Planets and Space",10.5047/eps.2011.05.033,https://doi.org/10.5047/eps.2011.05.033,Article,268,276,Earthquake source/fault-slip inversion; Landslide/slope/active-terrain deformation,No,No,2-s2.0-83155165402,pub.1027840910,doi,10.5047/eps.2011.05.033
R0373,Dimensions only,2011,"Restoration of interplate locking after the 2005 Off‐Miyagi Prefecture earthquake, detected by GPS/acoustic seafloor geodetic observation","Sato, Mariko; Saito, Hiroaki; Ishikawa, Tadashi; Matsumoto, Yoshihiro; Fujita, Masayuki; Mochizuki, Masashi; Asada, Akira",Geophysical Research Letters,10.1029/2010gl045689,https://doi.org/10.1029/2010gl045689,Article,,47,Earthquake source/fault-slip inversion; Landslide/slope/active-terrain deformation,No,No,,pub.1038299822,doi,10.1029/2010gl045689
R0374,Dimensions only,2011,Rupture of deep faults in the 2008 Wenchuan earthquake and uplift of the Longmen Shan,"Qi, Wang; Xuejun, Qiao; Qigui, Lan; Freymueller, Jeffrey; Shaomin, Yang; Caijun, Xu; Yonglin, Yang; Xinzhao, You; Kai, Tan; Gang, Chen",Nature Geoscience,10.1038/ngeo1210,https://doi.org/10.1038/ngeo1210,Article,,270,Regularization/weighting/model selection; Earthquake source/fault-slip inversion; Landslide/slope/active-terrain deformation,No,No,,pub.1025944854,doi,10.1038/ngeo1210
R0375,Both,2011,Slip distribution of the 2011 off the Pacific coast of Tohoku Earthquake inferred from geodetic data,Ito T.; Ozawa K.; Watanabe T.; Sagiya T.,"Earth, Planets and Space",10.5047/eps.2011.06.023,https://doi.org/10.5047/eps.2011.06.023,Article,71,73,Earthquake source/fault-slip inversion,No,No,2-s2.0-80054761218,pub.1007465925,doi,10.5047/eps.2011.06.023
R0376,Dimensions only,2011,Structural controls on the Mw 9.0 2011 Offshore-Tohoku earthquake,"Kennett, B.L.N.; Gorbatov, A.; Kiser, E.",Earth and Planetary Science Letters,10.1016/j.epsl.2011.08.039,https://doi.org/10.1016/j.epsl.2011.08.039,Article,,15,Earthquake source/fault-slip inversion; Landslide/slope/active-terrain deformation,No,No,,pub.1016790716,doi,10.1016/j.epsl.2011.08.039
R0377,Dimensions only,2011,The 2011 Mw 9.0 off the Pacific coast of Tohoku Earthquake: Comparison of deep-water tsunami signals with finite-fault rupture model predictions,"Lay, Thorne; Yamazaki, Yoshiki; Ammon, Charles J.; Cheung, Kwok Fai; Kanamori, Hiroo","Earth, Planets and Space",10.5047/eps.2011.05.030,https://doi.org/10.5047/eps.2011.05.030,Article,,68,Earthquake source/fault-slip inversion,No,No,,pub.1044307241,doi,10.5047/eps.2011.05.030
R0378,Dimensions only,2011,The 2011 Tohoku-Oki Earthquake: Displacement Reaching the Trench Axis,"Fujiwara, Toshiya; Kodaira, Shuichi; No, Tetsuo; Kaiho, Yuka; Takahashi, Narumi; Kaneda, Yoshiyuki",Science,10.1126/science.1211554,https://doi.org/10.1126/science.1211554,Article,,410,Earthquake source/fault-slip inversion; Landslide/slope/active-terrain deformation,No,No,,pub.1062465517,doi,10.1126/science.1211554
R0379,Dimensions only,2011,The 25 October 2010 Mentawai tsunami earthquake (Mw 7.8) and the tsunami hazard presented by shallow megathrust ruptures,"Lay, T.; Ammon, C. J.; Kanamori, H.; Yamazaki, Y.; Cheung, K. F.; Hutko, A. R.",Geophysical Research Letters,10.1029/2010gl046552,https://doi.org/10.1029/2010gl046552,Article,,113,Earthquake source/fault-slip inversion,No,No,,pub.1043725241,doi,10.1029/2010gl046552
R0380,Dimensions only,2011,"The plate coupling in the Tokai District, the Central Japan, inferred from the different data using triangular dislocation elements","Ochi, Tadafumi; Kato, Teruyuki",Tectonophysics,10.1016/j.tecto.2010.10.007,https://doi.org/10.1016/j.tecto.2010.10.007,Article,,3,Earthquake source/fault-slip inversion,No,No,,pub.1012365873,doi,10.1016/j.tecto.2010.10.007
R0381,Both,2010,Afterslip distribution following the 2003 Tokachi-oki earthquake: An estimation based on the Green's functions for an inhomogeneous elastic space with subsurface structure,Sato K.; Baba T.; Hori T.; Hyodo M.; Kaneda Y.,"Earth, Planets and Space",10.5047/eps.2010.11.007,https://doi.org/10.5047/eps.2010.11.007,Article,14,14,Earthquake source/fault-slip inversion,No,No,2-s2.0-79952590051,pub.1004951734,doi,10.5047/eps.2010.11.007
R0382,Dimensions only,2010,An earthquake‐like magnitude‐frequency distribution of slow slip in northern Cascadia,"Wech, Aaron G.; Creager, Kenneth C.; Houston, Heidi; Vidale, John E.",Geophysical Research Letters,10.1029/2010gl044881,https://doi.org/10.1029/2010gl044881,Article,,55,Earthquake source/fault-slip inversion; Landslide/slope/active-terrain deformation,No,No,,pub.1048958006,doi,10.1029/2010gl044881
R0383,Dimensions only,2010,Automated fault model discretization for inversions for coseismic slip distributions,"Barnhart, W. D.; Lohman, R. B.",Journal of Geophysical Research,10.1029/2010jb007545,https://doi.org/10.1029/2010jb007545,Article,,90,Regularization/weighting/model selection; Earthquake source/fault-slip inversion,No,No,,pub.1040737884,doi,10.1029/2010jb007545
R0384,Dimensions only,2010,DISASTER MAPPING FROM MEDIUM SPATIAL RESOLUTION ALOS PALSAR IMAGES,"Dong, Yanfang; Li, Qi; Dou, Aixia; Wang, Xiaoqing",,10.1109/igarss.2010.5652182,https://doi.org/10.1109/igarss.2010.5652182,Proceeding,,2,Regularization/weighting/model selection; Earthquake source/fault-slip inversion,No,No,,pub.1093236863,doi,10.1109/igarss.2010.5652182
R0385,Dimensions only,2010,Lessons Learned from the 2004 Sumatra-Andaman Megathrust Rupture,"Shearer, Peter; Bürgmann, Roland",Annual Review of Earth and Planetary Sciences,10.1146/annurev-earth-040809-152537,https://doi.org/10.1146/annurev-earth-040809-152537,Article,,91,Earthquake source/fault-slip inversion; Hydrology/gravity/mass redistribution,No,No,,pub.1032929786,doi,10.1146/annurev-earth-040809-152537
R0386,Dimensions only,2010,Slip Distribution of the 1963 Great Kurile Earthquake Estimated from Tsunami Waveforms,"Ioki, Kei; Tanioka, Yuichiro",Pure and Applied Geophysics,10.1007/s00024-010-0219-5,https://doi.org/10.1007/s00024-010-0219-5,Article,,10,Earthquake source/fault-slip inversion,No,No,,pub.1017764602,doi,10.1007/s00024-010-0219-5
R0387,Dimensions only,2010,Slip model of the 2008 Mw 7.9 Wenchuan (China) earthquake derived from co-seismic GPS data,"Diao, Faqi; Xiong, Xiong; Wang, Rongjiang; Zheng, Yong; Hsu, Houtse","Earth, Planets and Space",10.5047/eps.2009.05.003,https://doi.org/10.5047/eps.2009.05.003,Article,,26,Earthquake source/fault-slip inversion,No,No,,pub.1018904518,doi,10.5047/eps.2009.05.003
R0388,Dimensions only,2010,Source parameters of the 2008 Bukavu‐Cyangugu earthquake estimated from InSAR and teleseismic data,"d’Oreye, Nicolas; González, Pablo J.; Shuler, Ashley; Oth, Adrien; Bagalwa, Louis; Ekström, Göran; Kavotha, Déogratias; Kervyn, François; Lucas, Celia; Lukaya, François; Osodundu, Etoy; Wauthier, Christelle; Fernández, José",Geophysical Journal International,10.1111/j.1365-246x.2010.04899.x,https://doi.org/10.1111/j.1365-246x.2010.04899.x,Article,,32,Earthquake source/fault-slip inversion; Volcanic deformation/source geometry; Subsidence/reservoir/anthropogenic deformation,No,No,,pub.1041952989,doi,10.1111/j.1365-246x.2010.04899.x
R0389,Dimensions only,2010,"Spatial Variation of Slip Deficit Rate at the Nankai Trough, Southwest Japan Inferred from Three-Dimensional GPS Crustal Velocity Fields","ICHITANI, Shozui; TSUKA, Kentaro; TABEI, Takao",Zisin (Journal of the Seismological Society of Japan 2nd ser ),10.4294/zisin.63.35,https://doi.org/10.4294/zisin.63.35,Article,,2,Regularization/weighting/model selection; Earthquake source/fault-slip inversion,No,No,,pub.1020302070,doi,10.4294/zisin.63.35
R0390,Dimensions only,2010,"Surface Rupture Associated with the 2008 Iwate-Miyagi Nairiku, Japan, Earthquake and its Implications to the Rupture Process and Evaluation of Active Faults","Shinji, TODA; MARUYAMA, Tadashi; YOSHIMI, Masayuki; KANEDA, Heitaro; AWATA, Yasuo; YOSHIDA, Toshikazu; Ryosuke, ANDO",Zisin (Journal of the Seismological Society of Japan 2nd ser ),10.4294/zisin.62.153,https://doi.org/10.4294/zisin.62.153,Article,,20,AI/neural surrogates/visualization/emerging sensing; Earthquake source/fault-slip inversion; Subsidence/reservoir/anthropogenic deformation,No,No,,pub.1003154702,doi,10.4294/zisin.62.153
R0391,Dimensions only,2010,"The 2010 Maule, Chile earthquake: Downdip rupture limit revealed by space geodesy","Tong, Xiaopeng; Sandwell, David; Luttrell, Karen; Brooks, Benjamin; Bevis, Michael; Shimada, Masanobu; Foster, James; Smalley, Robert; Parra, Hector; Soto, Juan Carlos Báez; Blanco, Mauro; Kendrick, Eric; Genrich, Jeff; Caccamise, Dana J.",Geophysical Research Letters,10.1029/2010gl045805,https://doi.org/10.1029/2010gl045805,Article,,121,Earthquake source/fault-slip inversion,No,No,,pub.1024791823,doi,10.1029/2010gl045805
R0392,Dimensions only,2009,Development of Study of Inversion Analyses Using ABIC in Seismology,"FUKAHATA, Yukitoshi",Zisin (Journal of the Seismological Society of Japan 2nd ser ),10.4294/zisin.61.103,https://doi.org/10.4294/zisin.61.103,Article,,10,Regularization/weighting/model selection,No,No,,pub.1008775313,doi,10.4294/zisin.61.103
R0393,Dimensions only,2009,Finite element method to invert coseismic slip of Yutian earthquake from InSAR,"Wang, Chisheng; Wang, Changlin; Shan, Xinjian; Zhang, Guohong; Guo, Liming; Han, Yufei",Proceedings of SPIE--the International Society for Optical Engineering,10.1117/12.873216,https://doi.org/10.1117/12.873216,Proceeding,,1,Earthquake source/fault-slip inversion,No,No,,pub.1045301735,doi,10.1117/12.873216
R0394,Dimensions only,2009,"New evidence of Holocene coastal uplift in the Strophades Islets (W Hellenic Arc, Greece)","Stiros, Stathis C.; Pirazzoli, Paolo A.; Fontugne, Michel",Marine Geology,10.1016/j.margeo.2009.09.002,https://doi.org/10.1016/j.margeo.2009.09.002,Article,,15,Earthquake source/fault-slip inversion,No,No,,pub.1002672393,doi,10.1016/j.margeo.2009.09.002
R0395,Dimensions only,2009,Peak ground velocity ShakeMaps derived from geodetic slip models,"Rhie, Junkee; Dreger, Douglas S.; Murray, Mark; Houlié, Nicolas",Geophysical Journal International,10.1111/j.1365-246x.2009.04327.x,https://doi.org/10.1111/j.1365-246x.2009.04327.x,Article,,8,Regularization/weighting/model selection; Earthquake source/fault-slip inversion,No,No,,pub.1047657842,doi,10.1111/j.1365-246x.2009.04327.x
R0396,Dimensions only,2009,Postseismic deformation due to the Mw 6.0 2004 Parkfield earthquake: Stress‐driven creep on a fault with spatially variable rate‐and‐state friction parameters,"Barbot, Sylvain; Fialko, Yuri; Bock, Yehuda",Journal of Geophysical Research,10.1029/2008jb005748,https://doi.org/10.1029/2008jb005748,Article,,240,Earthquake source/fault-slip inversion; Hydrology/gravity/mass redistribution,No,No,,pub.1018443767,doi,10.1029/2008jb005748
R0397,Dimensions only,2009,"Quasi-static slip on the plate boundary associated with the 2003 M8.0 Tokachi-oki and 2004 M7.1 off-Kushiro earthquakes, Japan","Uchida, Naoki; Yui, Satoshi; Miura, Satoshi; Matsuzawa, Toru; Hasegawa, Akira; Motoya, Yoshinobu; Kasahara, Minoru",Gondwana Research,10.1016/j.gr.2009.04.002,https://doi.org/10.1016/j.gr.2009.04.002,Article,,34,Earthquake source/fault-slip inversion,No,No,,pub.1014195489,doi,10.1016/j.gr.2009.04.002
R0398,Dimensions only,2009,Recent Observation for Crustal Deformation on Land,"NISHIMURA, Takuya",Zisin (Journal of the Seismological Society of Japan 2nd ser ),10.4294/zisin.61.35,https://doi.org/10.4294/zisin.61.35,Article,,1,Regularization/weighting/model selection; Earthquake source/fault-slip inversion; Landslide/slope/active-terrain deformation,No,No,,pub.1027705983,doi,10.4294/zisin.61.35
R0399,Dimensions only,2009,Researches on Earthquake Source Processes and Tsunami Generation Using Tsunami Data,"TANIOKA, Yuichiro",Zisin (Journal of the Seismological Society of Japan 2nd ser ),10.4294/zisin.61.489,https://doi.org/10.4294/zisin.61.489,Article,,0,Earthquake source/fault-slip inversion,No,No,,pub.1004750356,doi,10.4294/zisin.61.489
R0400,Dimensions only,2009,Seismic and geodetic constraints on Cascadia slow slip,"Wech, Aaron G.; Creager, Kenneth C.; Melbourne, Timothy I.",Journal of Geophysical Research,10.1029/2008jb006090,https://doi.org/10.1029/2008jb006090,Article,,130,Regularization/weighting/model selection; Earthquake source/fault-slip inversion; Landslide/slope/active-terrain deformation,No,No,,pub.1010583036,doi,10.1029/2008jb006090
R0401,Dimensions only,2009,Time‐dependent inversion of three‐component continuous GPS for steady and transient sources in northern Cascadia,"McCaffrey, Robert",Geophysical Research Letters,10.1029/2008gl036784,https://doi.org/10.1029/2008gl036784,Article,,129,Earthquake source/fault-slip inversion; Landslide/slope/active-terrain deformation,No,No,,pub.1046698602,doi,10.1029/2008gl036784
R0402,Dimensions only,2009,Use of Neural Networks and SAR Interferometry for the Automatic Retrieval of Tectonic Parameters,"Stramondo, S.; Del, F. Frate; Picchiani, M.; Schiavon, G.",,10.1109/igarss.2009.5417849,https://doi.org/10.1109/igarss.2009.5417849,Proceeding,,0,AI/neural surrogates/visualization/emerging sensing; Earthquake source/fault-slip inversion,No,No,,pub.1093605524,doi,10.1109/igarss.2009.5417849
R0403,Dimensions only,2009,ベイズ的情報量基準を用いた逆解析手法における滑らかさの拘束条件を表現する行列の階数欠損に関する考察,"卓史, 飯沼",測地学会誌,10.11366/sokuchi.55.345,https://doi.org/10.11366/sokuchi.55.345,Article,,0,Regularization/weighting/model selection; Earthquake source/fault-slip inversion,No,No,,pub.1114824767,doi,10.11366/sokuchi.55.345
R0404,Dimensions only,2008,Analysis of the tsunami generated by the 2007 Noto Hanto earthquake,"Tanioka, Yuichiro","Earth, Planets and Space",10.1186/bf03352772,https://doi.org/10.1186/bf03352772,Article,,9,Earthquake source/fault-slip inversion; Hydrology/gravity/mass redistribution,No,No,,pub.1053098479,doi,10.1186/bf03352772
R0405,Both,2008,Automated procedure for InSAR data inversion using Finite Element Method,Currenti G.; Negro C.D.; Scandura D.; Williams C.A.,"Proceedings of the 2008 2nd Workshop on USE of Remote Sensing Techniques for Monitoring Volcanoes and Seismogenic Areas, USEReST 2008",10.1109/userest.2008.4740336,https://doi.org/10.1109/userest.2008.4740336,Conference paper,3,2,AI/neural surrogates/visualization/emerging sensing; Earthquake source/fault-slip inversion,No,No,2-s2.0-62949138054,pub.1093385903,doi,10.1109/userest.2008.4740336
R0406,Dimensions only,2008,Coseismic and early postseismic slip for the 2003 Tokachi‐oki earthquake sequence inferred from GPS data,"Miyazaki, Shin'ichi; Larson, Kristine M.",Geophysical Research Letters,10.1029/2007gl032309,https://doi.org/10.1029/2007gl032309,Article,,54,Earthquake source/fault-slip inversion,No,No,,pub.1009442735,doi,10.1029/2007gl032309
R0407,Dimensions only,2008,Coseismic deformation due to the 2007 Chuetsu-oki earthquake (Mw= 6.8),"Aoki, Yosuke; Furuya, Masato; Kato, Teruyuki","Earth, Planets and Space",10.1186/bf03353139,https://doi.org/10.1186/bf03353139,Article,,17,Earthquake source/fault-slip inversion; Subsidence/reservoir/anthropogenic deformation,No,No,,pub.1003945866,doi,10.1186/bf03353139
R0408,Dimensions only,2008,Crustal deformation associated with the Noto Hanto Earthquake in 2007 in Japan,"Ozawa, Shinzaburo; Yarai, Hiroshi; Tobita, Mikio; Une, Hiroshi; Nishimura, Takuya","Earth, Planets and Space",10.1186/bf03352767,https://doi.org/10.1186/bf03352767,Article,,31,Earthquake source/fault-slip inversion,No,No,,pub.1045413342,doi,10.1186/bf03352767
R0409,Both,2008,Geodetic inversion for space-time distribution of fault slip with time-varying smoothing regularization,Fukuda J.; Miyazaki S.; Higuchi T.; Kato T.,Geophysical Journal International,10.1111/j.1365-246x.2007.03722.x,https://doi.org/10.1111/j.1365-246x.2007.03722.x,Article,24,22,Regularization/weighting/model selection; Earthquake source/fault-slip inversion,No,No,2-s2.0-41249097786,pub.1046783129,doi,10.1111/j.1365-246x.2007.03722.x
R0410,Dimensions only,2008,Magma compressibility and the missing source for some dike intrusions,"Rivalta, Eleonora; Segall, Paul",Geophysical Research Letters,10.1029/2007gl032521,https://doi.org/10.1029/2007gl032521,Article,,202,Volcanic deformation/source geometry,No,No,,pub.1043477723,doi,10.1029/2007gl032521
R0411,Both,2008,"Postseismic slip associated with the 2007 Chuetsu-oki, Niigata, Japan, Earthquake (M 6.8 on 16 July 2007) as inferred from GPS data",Iinuma T.; Ohta Y.; Miura S.; Tachibana K.; Matsushima T.; Takahashi H.; Sagiya T.; Ito T.; Miyazaki S.; Doke R.; Takeuchi A.; Miyao K.; Hirao A.; Maeda T.; Yamaguchi T.; Takada M.; Iwakuni M.; Ochi T.; Meilano I.; Hasegawa A.,"Earth, Planets and Space",10.1186/bf03353141,https://doi.org/10.1186/bf03353141,Article,9,10,Regularization/weighting/model selection; Earthquake source/fault-slip inversion; Landslide/slope/active-terrain deformation,No,No,2-s2.0-57949113031,pub.1032061707,doi,10.1186/bf03353141
R0412,Dimensions only,2008,Spatially linked asperities of the 2006–2007 great Kuril earthquakes revealed by GPS,"Steblov, Grigory M.; Kogan, Mikhail G.; Levin, Boris V.; Vasilenko, Nikolai F.; Prytkov, Alexander S.; Frolov, Dmitry I.",Geophysical Research Letters,10.1029/2008gl035572,https://doi.org/10.1029/2008gl035572,Article,,39,Earthquake source/fault-slip inversion,No,No,,pub.1043544855,doi,10.1029/2008gl035572
R0413,Dimensions only,2008,"Static Stress Change from the 8 November, 1997 Ms 7.9 Manyi, Tibet Earthquake as Inferred from InSAR Observation","Yangmao, Wen; Caijun, Xu",International Association of Geodesy Symposia,10.1007/978-3-540-85426-5_91,https://doi.org/10.1007/978-3-540-85426-5_91,Chapter,,0,Earthquake source/fault-slip inversion,No,No,,pub.1050223526,doi,10.1007/978-3-540-85426-5_91
R0414,Dimensions only,2008,Tsunami waveform analyses of the 2006 underthrust and 2007 outer-rise Kurile earthquakes,"Tanioka, Y.; Hasegawa, Y.; Kuwayama, T.",Advances in Geosciences,10.5194/adgeo-14-129-2008,https://doi.org/10.5194/adgeo-14-129-2008,Article,,31,Earthquake source/fault-slip inversion,No,No,,pub.1053014507,doi,10.5194/adgeo-14-129-2008
R0415,Both,2007,A high-frequency secondary event during the 2004 Parkfield earthquake,Allmann B.P.; Shearer P.M.,Science,10.1126/science.1146537,https://doi.org/10.1126/science.1146537,Article,64,69,Earthquake source/fault-slip inversion,No,No,2-s2.0-36448959724,pub.1062456338,doi,10.1126/science.1146537
R0416,Dimensions only,2007,Creep events slip less than ordinary earthquakes,"Brodsky, Emily E.; Mori, James",Geophysical Research Letters,10.1029/2007gl030917,https://doi.org/10.1029/2007gl030917,Article,,67,Earthquake source/fault-slip inversion; Landslide/slope/active-terrain deformation,No,No,,pub.1013303200,doi,10.1029/2007gl030917
R0417,Dimensions only,2007,Detecting tsunami genesis and scales directly from coastal GPS stations,"Song, Y. Tony",Geophysical Research Letters,10.1029/2007gl031681,https://doi.org/10.1029/2007gl031681,Article,,45,Earthquake source/fault-slip inversion; Landslide/slope/active-terrain deformation,No,No,,pub.1050104799,doi,10.1029/2007gl031681
R0418,Scopus only,2007,Discussion of potential external detection of geodetic inversion model,Wang L.; Zhu J.,Journal of Geomatics,,,Article,0,,General geodetic inversion / Earth-observation modelling,No,No,2-s2.0-34249672071,,title,discussion of potential external detection of geodetic inversion model
R0419,Both,2007,Effect of elastic inhomogeneity on the surface displacements in the northeastern Japan: Based on three-dimensional numerical modeling,Sato K.; Minagawa N.; Hyodo M.; Baba T.; Hori T.; Kaneda Y.,"Earth, Planets and Space",10.1186/bf03352051,https://doi.org/10.1186/bf03352051,Article,21,24,Earthquake source/fault-slip inversion,No,No,2-s2.0-36248974648,pub.1022937774,doi,10.1186/bf03352051
R0420,Dimensions only,2007,End-to-End Stacking and Liquid Crystal Condensation of 6– to 20–Base Pair DNA Duplexes,"Nakata, Michi; Zanchetta, Giuliano; Chapman, Brandon D.; Jones, Christopher D.; Cross, Julie O.; Pindak, Ronald; Bellini, Tommaso; Clark, Noel A.",Science,10.1126/science.1143826,https://doi.org/10.1126/science.1143826,Article,,421,General geodetic inversion / Earth-observation modelling,No,No,,pub.1048442945,doi,10.1126/science.1143826
R0421,Dimensions only,2007,Estimation of slip distribution using an inverse method based on spectral decomposition of Green's function utilizing Global Positioning System (GPS) data,"Jin, Honglin; Kato, Teruyuki; Hori, Muneo",Journal of Geophysical Research,10.1029/2004jb003378,https://doi.org/10.1029/2004jb003378,Article,,6,Earthquake source/fault-slip inversion,No,No,,pub.1013538252,doi,10.1029/2004jb003378
R0422,Dimensions only,2007,"Geodetic, teleseismic, and strong motion constraints on slip from recent southern Peru subduction zone earthquakes","Pritchard, M. E.; Norabuena, E. O.; Ji, C.; Boroschek, R.; Comte, D.; Simons, M.; Dixon, T. H.; Rosen, P. A.",Journal of Geophysical Research,10.1029/2006jb004294,https://doi.org/10.1029/2006jb004294,Article,,85,Earthquake source/fault-slip inversion,No,No,,pub.1020391855,doi,10.1029/2006jb004294
R0423,Dimensions only,2007,Imaging the source area of the 1995 southern Hyogo (Kobe) earthquake (M7.3) using double-difference tomography,"Okada, T.; Hasegawa, A.; Suganomata, J.; Zhao, D.; Zhang, H.; Thurber, C.",Earth and Planetary Science Letters,10.1016/j.epsl.2006.10.022,https://doi.org/10.1016/j.epsl.2006.10.022,Article,,23,Earthquake source/fault-slip inversion,No,No,,pub.1022588549,doi,10.1016/j.epsl.2006.10.022
R0424,Dimensions only,2007,Interplate Slip Distribution Inferred from Co- and Post-seismic Deformation Associated with the 2005 Miyagi-oki Earthquake (M7.2),"MIURA, Satoshi; IINUMA, Takeshi; Satoshi, YUI; Toshiya, SATO; TACHIBANA, Kenji; HASEGAWA, Akira",Zisin (Journal of the Seismological Society of Japan 2nd ser ),10.4294/zisin.59.371,https://doi.org/10.4294/zisin.59.371,Article,,2,Earthquake source/fault-slip inversion,No,No,,pub.1001277743,doi,10.4294/zisin.59.371
R0425,Dimensions only,2007,Rupture Kinematics of the 2005 Mw 8.6 Nias–Simeulue Earthquake from the Joint Inversion of Seismic and Geodetic Data,"Konca, A. Ozgun; Hjorleifsdottir, Vala; Song, Teh-Ru Alex; Avouac, Jean-Philippe; Helmberger, Don V.; Ji, Chen; Sieh, Kerry; Briggs, Richard; Meltzner, Aron",Bulletin of the Seismological Society of America,10.1785/0120050632,https://doi.org/10.1785/0120050632,Article,,157,Earthquake source/fault-slip inversion,No,No,,pub.1030691847,doi,10.1785/0120050632
R0426,Dimensions only,2007,Seismically and geodetically determined nondouble‐couple source mechanisms from the 2000 Miyakejima volcanic earthquake swarm,"Minson, Sarah E.; Dreger, Douglas S.; Bürgmann, Roland; Kanamori, Hiroo; Larson, Kristine M.",Journal of Geophysical Research,10.1029/2006jb004847,https://doi.org/10.1029/2006jb004847,Article,,83,Earthquake source/fault-slip inversion; Volcanic deformation/source geometry,No,No,,pub.1052505849,doi,10.1029/2006jb004847
R0427,Dimensions only,2007,Tsunami forecast using an adaptive inverse algorithm for the Peru‐Chile source region,"Sánchez, Alejandro; Cheung, Kwok Fai",Geophysical Research Letters,10.1029/2007gl030158,https://doi.org/10.1029/2007gl030158,Article,,10,Earthquake source/fault-slip inversion,No,No,,pub.1053139011,doi,10.1029/2007gl030158
R0428,Dimensions only,2007,Tsunami generated by the 2004 Kushiro-oki earthquake,"Tanioka, Yuichiro; Katsumata, Kei","Earth, Planets and Space",10.1186/bf03352676,https://doi.org/10.1186/bf03352676,Article,,4,Earthquake source/fault-slip inversion,No,No,,pub.1024933466,doi,10.1186/bf03352676
R0429,Dimensions only,2006,"Bounds on the width of mantle lithosphere flow derived from surface geodetic measurements: application to the central Southern Alps, New Zealand","Ellis, S.; Beavan, J.; Eberhart-Phillips, D.",Geophysical Journal International,10.1111/j.1365-246x.2006.02918.x,https://doi.org/10.1111/j.1365-246x.2006.02918.x,Article,,16,Earthquake source/fault-slip inversion; Landslide/slope/active-terrain deformation,No,No,,pub.1024075339,doi,10.1111/j.1365-246x.2006.02918.x
R0430,Both,2006,Co- and post-seismic slip associated with the 2005 Miyagi-oki earthquake (M7.2) as inferred from GPS data,Miura S.; Iinuma T.; Yui S.; Uchida N.; Sato T.; Tachibana K.; Hasegawa A.,"Earth, Planets and Space",10.1186/bf03352662,https://doi.org/10.1186/bf03352662,Article,44,48,Earthquake source/fault-slip inversion,No,No,2-s2.0-33947536031,pub.1013909645,doi,10.1186/bf03352662
R0431,Dimensions only,2006,Distribution of slip from 11 Mw > 6 earthquakes in the northern Chile subduction zone,"Pritchard, M. E.; Ji, C.; Simons, M.",Journal of Geophysical Research,10.1029/2005jb004013,https://doi.org/10.1029/2005jb004013,Article,,60,Earthquake source/fault-slip inversion,No,No,,pub.1041758429,doi,10.1029/2005jb004013
R0432,Scopus only,2006,Earthquake related tsunami hazard along the western coast of Thailand,Løvholt F.; Bungum H.; Harbitz C.B.; Glimsdal S.; Lindholm C.D.; Pedersen G.,Natural Hazards and Earth System Science,10.5194/nhess-6-979-2006,https://doi.org/10.5194/nhess-6-979-2006,Article,64,,Earthquake source/fault-slip inversion,No,No,2-s2.0-33751570168,,doi,10.5194/nhess-6-979-2006
R0433,Both,2006,Interplate coupling beneath NE Japan inferred from three-dimensional displacement field,Suwa Y.; Miura S.; Hasegawa A.; Sato T.; Tachibana K.,Journal of Geophysical Research: Solid Earth,10.1029/2004jb003203,https://doi.org/10.1029/2004jb003203,Article,202,209,AI/neural surrogates/visualization/emerging sensing; Regularization/weighting/model selection; Earthquake source/fault-slip inversion,No,No,2-s2.0-33744908082,pub.1047990246,doi,10.1029/2004jb003203
R0434,Dimensions only,2006,Introduction to the Special Issue on the 2004 Parkfield Earthquake and the Parkfield Earthquake Prediction Experiment,"Harris, Ruth A.; Arrowsmith, J Ramón",Bulletin of the Seismological Society of America,10.1785/0120050831,https://doi.org/10.1785/0120050831,Article,,30,Earthquake source/fault-slip inversion,No,No,,pub.1049956994,doi,10.1785/0120050831
R0435,Both,2006,Offshore geodetic data conducive to the estimation of the afterslip distribution following the 2003 Tokachi-oki earthquake,Baba T.; Hirata K.; Hori T.; Sakaguchi H.,Earth and Planetary Science Letters,10.1016/j.epsl.2005.10.019,https://doi.org/10.1016/j.epsl.2005.10.019,Article,72,82,Regularization/weighting/model selection; Earthquake source/fault-slip inversion,No,No,2-s2.0-29544439703,pub.1045716786,doi,10.1016/j.epsl.2005.10.019
R0436,Dimensions only,2006,"Outstanding student papers, 2005 Fall Meeting",Anonymous,Eos,10.1029/2006eo160009,https://doi.org/10.1029/2006eo160009,Article,,0,General geodetic inversion / Earth-observation modelling,No,No,,pub.1016312325,doi,10.1029/2006eo160009
R0437,Dimensions only,2006,Rupture process of the 2004 great Sumatra-Andaman earthquake estimated from tsunami waveforms,"Tanioka, Yuichiro; Yudhicara; Kususose, Tomohiro; Kathiroli, S.; Nishimura, Yuichi; Iwasaki, Sin-Iti; Satake, Kenji","Earth, Planets and Space",10.1186/bf03353379,https://doi.org/10.1186/bf03353379,Article,,94,Earthquake source/fault-slip inversion,No,No,,pub.1011585283,doi,10.1186/bf03353379
R0438,Dimensions only,2006,The great Lisbon earthquake and tsunami of 1755: lessons from the recent Sumatra earthquakes and possible link to Plato's Atlantis,"GUTSCHER, M.-A.",European Review,10.1017/s1062798706000184,https://doi.org/10.1017/s1062798706000184,Article,,9,Regularization/weighting/model selection; Earthquake source/fault-slip inversion; Hydrology/gravity/mass redistribution,No,No,,pub.1017722419,doi,10.1017/s1062798706000184
R0439,Dimensions only,2005,"Application of SRTM-DEM Based Two-Pass SAR Interferometry for Detecting Seismic Deformation on High-Altitude Rugged Terrain – A Case Study in Kokoxili Ms8.1 Earthquake, 2001","Zhang, Yanmei; Cheng, Xiao",,10.1109/igarss.2005.1526887,https://doi.org/10.1109/igarss.2005.1526887,Proceeding,,3,Earthquake source/fault-slip inversion,No,No,,pub.1093239140,doi,10.1109/igarss.2005.1526887
R0440,Dimensions only,2005,Contiguous rupture areas of two Nankai Trough earthquakes revealed by high‐resolution tsunami waveform inversion,"Baba, Toshitaka; Cummins, Phil R.",Geophysical Research Letters,10.1029/2004gl022320,https://doi.org/10.1029/2004gl022320,Article,,142,Regularization/weighting/model selection; Earthquake source/fault-slip inversion; Landslide/slope/active-terrain deformation,No,No,,pub.1008987461,doi,10.1029/2004gl022320
R0441,Dimensions only,2005,"Ground Deformation Associated with the 2004-2005 Unrest of Asama Volcano, Japan(<Special Section>The 2004 Eruption of Asama Volcano(2))","Yosuke, AOKI; WATANABE, Hidefumi; KOYAMA, Etsuro; OIKAWA, Jun; MORITA, Yuichi",火山,10.18940/kazan.50.6_575,https://doi.org/10.18940/kazan.50.6_575,Article,,0,Regularization/weighting/model selection; Volcanic deformation/source geometry,No,No,,pub.1115794471,doi,10.18940/kazan.50.6_575
R0442,Dimensions only,2005,Inverting for Slip on Three-Dimensional Fault Surfaces Using Angular Dislocations,"Maerten, Frantz; Resor, Phillip; Pollard, David; Maerten, Laurent",Bulletin of the Seismological Society of America,10.1785/0120030181,https://doi.org/10.1785/0120030181,Article,,136,Earthquake source/fault-slip inversion,No,No,,pub.1006021080,doi,10.1785/0120030181
R0443,Dimensions only,2005,"The 26 December 2003, Bam, Iran earthquake: surface displacement from Envisat ASAR interferometry","Stramondo, S.; Moro, M.; Doumaz, F.; Cinti, F. R.",International Journal of Remote Sensing,10.1080/0143116042000295651,https://doi.org/10.1080/0143116042000295651,Article,,23,Earthquake source/fault-slip inversion,No,No,,pub.1001572518,doi,10.1080/0143116042000295651
R0444,Dimensions only,2005,The 26 December 2004 tsunami source estimated from satellite radar altimetry and seismic waves,"Song, Y. Tony; Ji, Chen; Fu, L.‐L.; Zlotnicki, Victor; Shum, C. K.; Yi, Yuchan; Hjorleifsdottir, Vala",Geophysical Research Letters,10.1029/2005gl023683,https://doi.org/10.1029/2005gl023683,Article,,56,Earthquake source/fault-slip inversion,No,No,,pub.1007638876,doi,10.1029/2005gl023683
R0445,Dimensions only,2005,The Global Reach of the 26 December 2004 Sumatra Tsunami,"Titov, Vasily; Rabinovich, Alexander B.; Mofjeld, Harold O.; Thomson, Richard E.; González, Frank I.",Science,10.1126/science.1114576,https://doi.org/10.1126/science.1114576,Article,,398,Earthquake source/fault-slip inversion,No,No,,pub.1062452388,doi,10.1126/science.1114576
R0446,Dimensions only,2004,An estimate of motion between the spin axis and the hotspots over the past century,"Argus, Donald F.; Gross, Richard S.",Geophysical Research Letters,10.1029/2004gl019657,https://doi.org/10.1029/2004gl019657,Article,,31,General geodetic inversion / Earth-observation modelling,No,No,,pub.1051775816,doi,10.1029/2004gl019657
R0447,Dimensions only,2004,"Creep, dike intrusion, and magma chamber deflation model for the 2000 Miyake eruption and the Izu islands earthquakes","Ozawa, S.; Miyazaki, S.; Nishimura, T.; Murakami, M.; Kaidzu, M.; Imakiire, T.; Ji, X.",Journal of Geophysical Research,10.1029/2003jb002601,https://doi.org/10.1029/2003jb002601,Article,,38,Earthquake source/fault-slip inversion; Volcanic deformation/source geometry,No,No,,pub.1050008379,doi,10.1029/2003jb002601
R0448,Dimensions only,2004,Crustal deformation associated with the northern Miyagi earthquake detected by RADARSAT-1 and ENVISAT SAR interferometry,"Yarai, Hiroshi; Ozawa, Taku; Nishimura, Takuya; Tobita, Mikio; Imakiire, Tetsuro","Earth, Planets and Space",10.1186/bf03353394,https://doi.org/10.1186/bf03353394,Article,,5,Earthquake source/fault-slip inversion,No,No,,pub.1000613611,doi,10.1186/bf03353394
R0449,Dimensions only,2004,"Erratum to: Joint inversion of strong motion and geodetic data for the source process of the 2003 Tokachi-oki, Hokkaido, earthquake","Koketsu, Kazuki; Hikima, Kazuhito; Miyazaki, Shin’ichi; Ide, Satoshi","Earth, Planets and Space",10.1186/bf03352504,https://doi.org/10.1186/bf03352504,Article,,0,Earthquake source/fault-slip inversion,No,No,,pub.1003589637,doi,10.1186/bf03352504
R0450,Dimensions only,2004,GPS/GNSS Current Bibliography,"Soler, Tomás",GPS Solutions,10.1007/s10291-004-0108-4,https://doi.org/10.1007/s10291-004-0108-4,Article,,0,General geodetic inversion / Earth-observation modelling,No,No,,pub.1007268380,doi,10.1007/s10291-004-0108-4
R0451,Scopus only,2004,"Imaging the ramp-décollement geometry of the Chelungpu fault using coseismic GPS displacements from the 1999 Chi-Chi, Taiwan earthquake",Johnson K.M.; Segall P.,Tectonophysics,10.1016/j.tecto.2003.10.020,https://doi.org/10.1016/j.tecto.2003.10.020,Article,55,,Earthquake source/fault-slip inversion,No,No,2-s2.0-1642463801,,doi,10.1016/j.tecto.2003.10.020
R0452,Both,2004,"Interplate coupling in the Kanto district, central Japan, and the Boso Peninsula silent earthquake in May 1996",Sagiya T.,Pure and Applied Geophysics,10.1007/s00024-004-2566-6,https://doi.org/10.1007/s00024-004-2566-6,Article,117,124,Earthquake source/fault-slip inversion,No,No,2-s2.0-6444230915,pub.1038923318,doi,10.1007/s00024-004-2566-6
R0453,Dimensions only,2004,"Interplate Coupling in the Kanto District, Central Japan, and the Boso Peninsula Silent Earthquake in May 1996","Sagiya, Takeshi",Pageoph Topical Volumes,10.1007/978-3-0348-7875-3_15,https://doi.org/10.1007/978-3-0348-7875-3_15,Chapter,,10,Earthquake source/fault-slip inversion,No,No,,pub.1039056676,doi,10.1007/978-3-0348-7875-3_15
R0454,Dimensions only,2004,Introduction to EPS special section for the M7.1 and M6.4 earthquakes in northeastern Japan,"Hasegawa, Akira","Earth, Planets and Space",10.1186/bf03353391,https://doi.org/10.1186/bf03353391,Article,,3,General geodetic inversion / Earth-observation modelling,No,No,,pub.1030587449,doi,10.1186/bf03353391
R0455,Both,2004,"Joint inversion of strong motion and geodetic data for the source process of the 2003 Tokachi-oki, Hokkaido, earthquake",Koketsu K.; Hikima K.; Miyazaki S.; Ide S.,"Earth, Planets and Space",10.1186/bf03353060,https://doi.org/10.1186/bf03353060,Article,84,98,Regularization/weighting/model selection; Earthquake source/fault-slip inversion,No,No,2-s2.0-13244256587,pub.1000578300,doi,10.1186/bf03353060
R0456,Dimensions only,2004,"Large-magnitude transient strain accumulation on the Blackwater fault, Eastern California shear zone","Oskin, Michael; Iriondo, Alex",Geology,10.1130/g20223.1,https://doi.org/10.1130/g20223.1,Article,,77,Regularization/weighting/model selection; Earthquake source/fault-slip inversion; Landslide/slope/active-terrain deformation,No,No,,pub.1031944435,doi,10.1130/g20223.1
R0457,Dimensions only,2004,"Reexamination of the interplate coupling in the Tokai region, central Japan, based on the GPS data in 1997–2002","Ohta, Yusaku; Kimata, Fumiaki; Sagiya, Takeshi",Geophysical Research Letters,10.1029/2004gl021404,https://doi.org/10.1029/2004gl021404,Article,,47,Earthquake source/fault-slip inversion; Landslide/slope/active-terrain deformation,No,No,,pub.1051868052,doi,10.1029/2004gl021404
R0458,Dimensions only,2004,Silent earthquakes occurring in a stable-unstable transition zone and implications for earthquake prediction,"Kawasaki, Ichiro","Earth, Planets and Space",10.1186/bf03353088,https://doi.org/10.1186/bf03353088,Article,,30,Earthquake source/fault-slip inversion,No,No,,pub.1030492413,doi,10.1186/bf03353088
R0459,Both,2004,Slip distribution of the 2003 northern Miyagi earthquake (M6.4) deduced from geodetic inversion,Miura S.; Suwa Y.; Sato T.; Tachibana K.; Hasegawa A.,"Earth, Planets and Space",10.1186/bf03353393,https://doi.org/10.1186/bf03353393,Article,15,14,Earthquake source/fault-slip inversion,No,No,2-s2.0-20544434785,pub.1003506325,doi,10.1186/bf03353393
R0460,Dimensions only,2004,Space time distribution of afterslip following the 2003 Tokachi‐oki earthquake: Implications for variations in fault zone frictional properties,"Miyazaki, S.; Segall, P.; Fukuda, J.; Kato, T.",Geophysical Research Letters,10.1029/2003gl019410,https://doi.org/10.1029/2003gl019410,Article,,241,Earthquake source/fault-slip inversion,No,No,,pub.1020415698,doi,10.1029/2003gl019410
R0461,Dimensions only,2004,Strain concentration zone along the volcanic front derived by GPS observations in NE Japan arc,"Miura, Satoshi; Sato, Toshiya; Hasegawa, Akira; Suwa, Yoko; Tachibana, Kenji; Yui, Satoshi","Earth, Planets and Space",10.1186/bf03353360,https://doi.org/10.1186/bf03353360,Article,,72,Landslide/slope/active-terrain deformation,No,No,,pub.1045628847,doi,10.1186/bf03353360
R0462,Dimensions only,2004,The 2003 M8.0 Tokachi‐Oki earthquake – How much has the great event paid back slip debts?,"Miura, Satoshi; Suwa, Yoko; Hasegawa, Akira; Nishimura, Takuya",Geophysical Research Letters,10.1029/2003gl019021,https://doi.org/10.1029/2003gl019021,Article,,44,Earthquake source/fault-slip inversion,No,No,,pub.1011828681,doi,10.1029/2003gl019021
R0463,Scopus only,2003,A study on convergence rate of the India plate to Eruasia subduction beneath Qinghai-Xizang Plateau - Inversion results from GPS observational data,Wang Y.; Xu H.,Acta Geophysica Sinica,,,Article,16,,Earthquake source/fault-slip inversion,No,No,2-s2.0-0042442020,,title,a study on convergence rate of the india plate to eruasia subduction beneath qinghai xizang plateau inversion results from gps observational data
R0464,Dimensions only,2003,A Study on Convergence Rate of the India to Eurasia Subduction Beneath Qinghaixizang Plateau—‐Inversion Results from Gps Observational Data,,Chinese Journal of Geophysics,10.1002/cjg2.340,https://doi.org/10.1002/cjg2.340,Article,,5,Earthquake source/fault-slip inversion,No,No,,pub.1039772441,doi,10.1002/cjg2.340
R0465,Dimensions only,2003,Application of interval Newton method to solve nonlinear equations and global optimization,"Shuang, Li; Caijun, Xu; Xinzhou, Wang",Geo-spatial Information Science,10.1007/bf02826697,https://doi.org/10.1007/bf02826697,Article,,1,General geodetic inversion / Earth-observation modelling,No,No,,pub.1035975426,doi,10.1007/bf02826697
R0466,Dimensions only,2003,"Basin‐centered asperities in great subduction zone earthquakes: A link between slip, subsidence, and subduction erosion?","Wells, Ray E.; Blakely, Richard J.; Sugiyama, Yuichi; Scholl, David W.; Dinterman, Philip A.",Journal of Geophysical Research,10.1029/2002jb002072,https://doi.org/10.1029/2002jb002072,Article,,268,Earthquake source/fault-slip inversion; Hydrology/gravity/mass redistribution; Subsidence/reservoir/anthropogenic deformation,No,No,,pub.1001125105,doi,10.1029/2002jb002072
R0467,Dimensions only,2003,"Characteristic silent earthquakes in the eastern part of the Boso peninsula, Central Japan","Ozawa, Shinzaburo; Miyazaki, Shinichi; Hatanaka, Yuki; Imakiire, Tetsuo; Kaidzu, Masaru; Murakami, Makoto",Geophysical Research Letters,10.1029/2002gl016665,https://doi.org/10.1029/2002gl016665,Article,,124,Earthquake source/fault-slip inversion; Subsidence/reservoir/anthropogenic deformation; Landslide/slope/active-terrain deformation,No,No,,pub.1003389962,doi,10.1029/2002gl016665
R0468,Dimensions only,2003,"Co‐seismic slip, post‐seismic slip, and largest aftershock associated with the 1994 Sanriku‐haruka‐oki, Japan, earthquake","Yagi, Yuji; Kikuchi, Masayuki; Nishimura, Takuya",Geophysical Research Letters,10.1029/2003gl018189,https://doi.org/10.1029/2003gl018189,Article,,75,Regularization/weighting/model selection; Earthquake source/fault-slip inversion,No,No,,pub.1045954793,doi,10.1029/2003gl018189
R0469,Scopus only,2003,Cyclic-Bayesian searching method and its application to geodetic inversion,Xu C.; Li Z.,Wuhan Daxue Xuebao (Xinxi Kexue Ban)/Geomatics and Information Science of Wuhan University,,,Article,0,,Regularization/weighting/model selection,No,No,2-s2.0-0347604741,,title,cyclic bayesian searching method and its application to geodetic inversion
R0470,Dimensions only,2003,"Geodetic measurements of crustal deformation on NW–SE faults of the Betic Cordillera, southern Spain, 1999–2001","Ruiz, A.M.; Ferhat, G.; Alfaro, P.; de Galdeano, C. Sanz; de Lacy, M.C.; Rodrı́guez-Caderot, G.; Gil, A.J.",Journal of Geodynamics,10.1016/s0264-3707(02)00134-5,https://doi.org/10.1016/s0264-3707(02)00134-5,Article,,23,Earthquake source/fault-slip inversion; Landslide/slope/active-terrain deformation,No,No,,pub.1008084995,doi,10.1016/s0264-3707(02)00134-5
R0471,Dimensions only,2003,Improvement of theories and methods in geodetic joint inversion,"Caijun, Xu",Geo-spatial Information Science,10.1007/bf02826695,https://doi.org/10.1007/bf02826695,Article,,0,General geodetic inversion / Earth-observation modelling,No,No,,pub.1027884972,doi,10.1007/bf02826695
R0472,Dimensions only,2003,Scholar's introduction,"Caijun, Xu",Geo-spatial Information Science,10.1007/bf02826708,https://doi.org/10.1007/bf02826708,Article,,0,General geodetic inversion / Earth-observation modelling,No,No,,pub.1002271300,doi,10.1007/bf02826708
R0473,Dimensions only,2003,"Spatial distribution of the surface rupture zone associated with the 2001 Ms 8.1 Central Kunlun earthquake, northern Tibet, revealed by satellite remote sensing data","Fu, B.; Lin, A.",International Journal of Remote Sensing,10.1080/0143116031000075918,https://doi.org/10.1080/0143116031000075918,Article,,32,Regularization/weighting/model selection; Earthquake source/fault-slip inversion,No,No,,pub.1058294241,doi,10.1080/0143116031000075918
R0474,Dimensions only,2003,The 2000 Mw 6.8 Uglegorsk earthquake and regional plate boundary deformation of Sakhalin from geodetic data,"Kogan, M. G.; Bürgmann, R.; Vasilenko, N. F.; Scholz, C. H.; King, R. W.; Ivashchenko, A. I.; Frolov, D. I.; Steblov, G. M.; Kim, Ch. U.; Egorov, S. G.",Geophysical Research Letters,10.1029/2002gl016399,https://doi.org/10.1029/2002gl016399,Article,,20,Earthquake source/fault-slip inversion; Landslide/slope/active-terrain deformation,No,No,,pub.1010831445,doi,10.1029/2002gl016399
R0475,Dimensions only,2003,Thermal models of flat subduction and the rupture zone of great subduction earthquakes,"Gutscher, Marc‐André; Peacock, Simon M.",Journal of Geophysical Research,10.1029/2001jb000787,https://doi.org/10.1029/2001jb000787,Article,,77,Earthquake source/fault-slip inversion,No,No,,pub.1020744671,doi,10.1029/2001jb000787
R0476,Scopus only,2002,"A dike intrusion model in and around Miyakejima, Niijima and Kozushima in 2000",Ito T.; Yoshioka S.,Tectonophysics,10.1016/s0040-1951(02)00510-3,https://doi.org/10.1016/s0040-1951(02)00510-3,Article,29,,AI/neural surrogates/visualization/emerging sensing; Earthquake source/fault-slip inversion; Volcanic deformation/source geometry,No,No,2-s2.0-0037159460,,doi,10.1016/s0040-1951(02)00510-3
R0477,Dimensions only,2002,A five years super‐slow aseismic precursor model for the 1994 M8.3 Hokkaido‐Toho‐Oki lithospheric earthquake based on tide gauge data,"Katsumata, Kei; Kasahara, Minoru; Ozawa, Shinzaburo; Ivashchenko, Alexei",Geophysical Research Letters,10.1029/2002gl014982,https://doi.org/10.1029/2002gl014982,Article,,11,Earthquake source/fault-slip inversion; Subsidence/reservoir/anthropogenic deformation,No,No,,pub.1052426274,doi,10.1029/2002gl014982
R0478,Both,2002,"Co-seismic slip from the 1995 July 30 Mw = 8.1 Antofagasta, Chile, earthquake as constrained by InSAR and GPS observations",Pritchard M.E.; Simons M.; Rosen P.A.; Hensley S.; Webb F.H.,Geophysical Journal International,10.1046/j.1365-246x.2002.01661.x,https://doi.org/10.1046/j.1365-246x.2002.01661.x,Article,128,124,Earthquake source/fault-slip inversion,No,No,2-s2.0-0036326564,pub.1044194035,doi,10.1046/j.1365-246x.2002.01661.x
R0479,Both,2002,"Coastal uplift, earthquakes and active faulting of Rhodes Island (Aegean Arc): Modeling based on geodetic inversion",Kontogianni V.A.; Tsoulos N.; Stiros S.C.,Marine Geology,10.1016/s0025-3227(02)00334-1,https://doi.org/10.1016/s0025-3227(02)00334-1,Article,60,63,AI/neural surrogates/visualization/emerging sensing; Earthquake source/fault-slip inversion; Subsidence/reservoir/anthropogenic deformation,No,No,2-s2.0-0037055154,pub.1042128963,doi,10.1016/s0025-3227(02)00334-1
R0480,Dimensions only,2002,"Complex Source Process of the 17 August 1999 İzmit, Turkey, Earthquake","Li, Xu; Cormier, V. F.; Toksöz, M. N.",Bulletin of the Seismological Society of America,10.1785/0120000839,https://doi.org/10.1785/0120000839,Article,,31,Earthquake source/fault-slip inversion,No,No,,pub.1051151291,doi,10.1785/0120000839
R0481,Dimensions only,2002,"Coseismic displacements of the MW = 6.1, July 9, 1998, Faial earthquake (Azores, North Atlantic)","Fernandes, R. M. S.; Miranda, J. M.; Catalão, J.; Luis, J. F.; Bastos, L.; Ambrosius, B. A. C.",Geophysical Research Letters,10.1029/2001gl014415,https://doi.org/10.1029/2001gl014415,Article,,17,Earthquake source/fault-slip inversion,No,No,,pub.1037067275,doi,10.1029/2001gl014415
R0482,Scopus only,2002,GPS inversion of kinematic model of the main boundaries of the rhombus block in Sichuan and Yunnan,Shen C.-Y.; Wang Q.; Wu Y.; You X.-Z.; Gan J.-S.; Yang S.-M.,Acta Geophysica Sinica,,,Article,1,,Regularization/weighting/model selection; Earthquake source/fault-slip inversion; Landslide/slope/active-terrain deformation,No,No,2-s2.0-0036558841,,title,gps inversion of kinematic model of the main boundaries of the rhombus block in sichuan and yunnan
R0483,Dimensions only,2002,GPS Inversion of Kinematic Model of the Main Boundaries of the Rhombus Block in Sichuan and Yunnan,,Chinese Journal of Geophysics,10.1002/cjg2.249,https://doi.org/10.1002/cjg2.249,Article,,15,Regularization/weighting/model selection; Earthquake source/fault-slip inversion; Landslide/slope/active-terrain deformation,No,No,,pub.1014392905,doi,10.1002/cjg2.249
R0484,Dimensions only,2002,Improvement of the separability of a survey scheme for monitoring crustal deformations in the area of an active fault,"Wu, J. C.; Chen, Y. Q.",Journal of Geodesy,10.1007/s00190-001-0221-x,https://doi.org/10.1007/s00190-001-0221-x,Article,,6,Earthquake source/fault-slip inversion; Landslide/slope/active-terrain deformation,No,No,,pub.1001399655,doi,10.1007/s00190-001-0221-x
R0485,Dimensions only,2002,"Interactions between the Landers and Hector Mine, California, Earthquakes from Space Geodesy, Boundary Element Modeling, and Time-Dependent Friction","Price, Evelyn J.; Bürgmann, Roland",Bulletin of the Seismological Society of America,10.1785/0120000924,https://doi.org/10.1785/0120000924,Article,,39,Earthquake source/fault-slip inversion; Hydrology/gravity/mass redistribution; Landslide/slope/active-terrain deformation,No,No,,pub.1028475377,doi,10.1785/0120000924
R0486,Dimensions only,2002,"The Combined Inversion of Seismic and Geodetic Data for the Source Process of the 16 October 1999 Mw 7.1 Hector Mine, California, Earthquake","Kaverina, Asya; Dreger, Douglas; Price, Evelyn",Bulletin of the Seismological Society of America,10.1785/0120000907,https://doi.org/10.1785/0120000907,Article,,124,Regularization/weighting/model selection; Earthquake source/fault-slip inversion,No,No,,pub.1007171880,doi,10.1785/0120000907
R0487,Dimensions only,2002,"The Coseismic Displacement Fields for the 1992 Landers and 1999 Hector Mine Earthquakes in California, from Regional GPS Observations","Austin, Kenneth E.; Miller, M. Meghan",Bulletin of the Seismological Society of America,10.1785/0120000931,https://doi.org/10.1785/0120000931,Article,,2,Regularization/weighting/model selection; Earthquake source/fault-slip inversion; Hydrology/gravity/mass redistribution,No,No,,pub.1011066727,doi,10.1785/0120000931
R0488,Dimensions only,2002,"Use of pollen and vascular plants to estimate coseismic subsidence at a tidal marsh near Tofino, British Columbia","Hughes, Jonathan F; Mathewes, Rolf W; Clague, John J",Palaeogeography Palaeoclimatology Palaeoecology,10.1016/s0031-0182(02)00283-3,https://doi.org/10.1016/s0031-0182(02)00283-3,Article,,33,Regularization/weighting/model selection; Earthquake source/fault-slip inversion; Subsidence/reservoir/anthropogenic deformation,No,No,,pub.1001752258,doi,10.1016/s0031-0182(02)00283-3
R0489,Both,2001,"Deformation due to a pressurized horizontal circular crack in an elastic half-space, with applications to volcano geodesy",Fialko Y.; Khazan Y.; Simons M.,Geophysical Journal International,10.1046/j.1365-246x.2001.00452.x,https://doi.org/10.1046/j.1365-246x.2001.00452.x,Article,304,312,Volcanic deformation/source geometry; Subsidence/reservoir/anthropogenic deformation,No,No,2-s2.0-0034950628,pub.1052430958,doi,10.1046/j.1365-246x.2001.00452.x
R0490,Dimensions only,2001,"Elastic rebound following the Kocaeli earthquake, Turkey, recorded using synthetic aperture radar interferometry","Mayer, Larry; Lu, Zhong",Geology,10.1130/0091-7613(2001)029<0495:erftke>2.0.co;2,https://doi.org/10.1130/0091-7613(2001)029<0495:erftke>2.0.co;2,Article,,5,Earthquake source/fault-slip inversion; Landslide/slope/active-terrain deformation,No,No,,pub.1046465512,doi,10.1130/0091-7613(2001)029<0495:erftke>2.0.co;2
R0491,Dimensions only,2001,"Kinematics of the Mw=7.2, 12 November 1999, Düzce, Turkey Earthquake","Ayhan, M. E.; Bürgmann, R.; McClusky, S.; Lenk, O.; Aktug, B.; Herece, E.; Reilinger, R. E.",Geophysical Research Letters,10.1029/2000gl011851,https://doi.org/10.1029/2000gl011851,Article,,47,Earthquake source/fault-slip inversion,No,No,,pub.1021617620,doi,10.1029/2000gl011851
R0492,Scopus only,2001,Resolution analysis of finite fault source inversion using one- and three-dimensional Green's functions 2. Combining seismic and geodetic data,Wald D.J.; Graves R.W.,Journal of Geophysical Research: Solid Earth,10.1029/2000jb900435,https://doi.org/10.1029/2000jb900435,Article,100,,Regularization/weighting/model selection; Earthquake source/fault-slip inversion,No,No,2-s2.0-0034953308,,doi,10.1029/2000jb900435
R0493,Dimensions only,2001,Satellite Radar Interferometry Reveals Mining Induced Seismic Deformation in South Africa,"Doyle, G.S.; Stow, R.J.; Inggs, M.R.",,10.1109/igarss.2001.977895,https://doi.org/10.1109/igarss.2001.977895,Proceeding,,1,Earthquake source/fault-slip inversion; Subsidence/reservoir/anthropogenic deformation,No,No,,pub.1093313525,doi,10.1109/igarss.2001.977895
R0494,Dimensions only,2001,Stability of solution for dynamic geodetic network adjustment,"Caijun, Xu; Changyuan, Xi",Geo-spatial Information Science,10.1007/bf02826918,https://doi.org/10.1007/bf02826918,Article,,1,General geodetic inversion / Earth-observation modelling,No,No,,pub.1044952763,doi,10.1007/bf02826918
R0495,Dimensions only,2000,A Study on the Identity of Sources of the Normal Gravity Field in Geodesy and Geophysics,,Chinese Journal of Geophysics,10.1002/cjg2.104,https://doi.org/10.1002/cjg2.104,Article,,0,Hydrology/gravity/mass redistribution,No,No,,pub.1042125070,doi,10.1002/cjg2.104
R0496,Dimensions only,2000,Applicability and operational criteria of ALOS for natural disaster reduction,"Ohkura, H.",,10.1109/igarss.2000.859594,https://doi.org/10.1109/igarss.2000.859594,Proceeding,,0,General geodetic inversion / Earth-observation modelling,No,No,,pub.1094199253,doi,10.1109/igarss.2000.859594
R0497,Dimensions only,2000,Application of Crustal Deformation Monitoring Using Synthetic Aperture Radar (SAR) for Seismological and Volcanological Studies,"MURAKAMI, Makoto; TOBITA, Mikio; YARAI, Hiroshi; OZAWA, Shinzaburo; NISHIMURA, Takuya; NAKAGAWA, Hiroyuki; FUJIWARA, Satoshi",Journal of Geography (Chigaku Zasshi),10.5026/jgeography.109.6_944,https://doi.org/10.5026/jgeography.109.6_944,Article,,1,Earthquake source/fault-slip inversion,No,No,,pub.1028394415,doi,10.5026/jgeography.109.6_944
R0498,Dimensions only,2000,"Crustal deformation associated with the 1998 seismo-volcanic crisis of Iwate Volcano, Northeastern Japan, as observed by a dense GPS network","Miura, Satoshi; Ueki, Sadato; Sato, Toshiya; Tachibana, Kenji; Hamaguchi, Hiroyuki","Earth, Planets and Space",10.1186/bf03352321,https://doi.org/10.1186/bf03352321,Article,,48,Earthquake source/fault-slip inversion; Volcanic deformation/source geometry,No,No,,pub.1049567844,doi,10.1186/bf03352321
R0499,Dimensions only,2000,Crustal deformation monitoring of volcanoes in Japan using L-band SAR interferometry,"Murakami, Makoto; Fujiwara, Satoshi; Nishimura, Takuya; Tobita, Mikio; Nakagawa, Hiroyuki; Ozawa, Shinzaburo; Murakami, Masaki",International Association of Geodesy Symposia,10.1007/978-3-642-59742-8_47,https://doi.org/10.1007/978-3-642-59742-8_47,Chapter,,0,Earthquake source/fault-slip inversion; Volcanic deformation/source geometry; Subsidence/reservoir/anthropogenic deformation,No,No,,pub.1024409567,doi,10.1007/978-3-642-59742-8_47
R0500,Scopus only,2000,Distribution of seismic coupling on the subducting plate boundary in northeastern Japan inferred from GPS observations,Nishimura T.; Miura S.; Tachibana K.; Hashimoto K.; Sato T.; Hori S.; Murakami E.; Kono T.; Nida K.; Mishina M.; Hirasawa T.; Miyazaki S.,Tectonophysics,10.1016/s0040-1951(00)00108-6,https://doi.org/10.1016/s0040-1951(00)00108-6,Article,87,,Earthquake source/fault-slip inversion,No,No,2-s2.0-0033821426,,doi,10.1016/s0040-1951(00)00108-6
R0501,Dimensions only,2000,"Earthquake Potential Along the Northern Hayward Fault, California","Bürgmann, Roland; Schmidt, D.; Nadeau, R. M.; d'Alessio, M.; Fielding, E.; Manaker, D.; McEvilly, T. V.; Murray, M. H.",Science,10.1126/science.289.5482.1178,https://doi.org/10.1126/science.289.5482.1178,Article,,193,Earthquake source/fault-slip inversion,No,No,,pub.1062570673,doi,10.1126/science.289.5482.1178
R0502,Dimensions only,2000,Fault Geometry at the Rupture Termination of the 1995 Hyogo-ken Nanbu Earthquake,"Sekiguchi, Haruko; Irikura, Kojiro; Iwata, Tomotaka",Bulletin of the Seismological Society of America,10.1785/0119990027,https://doi.org/10.1785/0119990027,Article,,132,Regularization/weighting/model selection; Earthquake source/fault-slip inversion,No,No,,pub.1049461680,doi,10.1785/0119990027
R0503,Dimensions only,2000,NEW BOOKS AND MEDIA,,Seismological Research Letters,10.1785/gssrl.71.4.453,https://doi.org/10.1785/gssrl.71.4.453,Article,,0,General geodetic inversion / Earth-observation modelling,No,No,,pub.1049137049,doi,10.1785/gssrl.71.4.453
R0504,Scopus only,2000,"The December 28, 1908, Messina Straits, southern Italy, earthquake: Waveform modeling of regional seismograms",Pino N.A.; Giardini D.; Boschi E.,Journal of Geophysical Research: Solid Earth,10.1029/2000jb900259,https://doi.org/10.1029/2000jb900259,Article,82,,Earthquake source/fault-slip inversion,No,No,2-s2.0-0034526170,,doi,10.1029/2000jb900259
R0505,Dimensions only,1999,1948年福井地震 (M=7.1) に伴う地殻変動と震源断層モデル,"威, 鷺谷",Zisin (Journal of the Seismological Society of Japan 2nd ser ),10.4294/zisin1948.52.1_111,https://doi.org/10.4294/zisin1948.52.1_111,Article,,5,General geodetic inversion / Earth-observation modelling,No,No,,pub.1085014938,doi,10.4294/zisin1948.52.1_111
R0506,Scopus only,1999,Contribution of radar ihterferometry to a two-step inversion of the kinematic process of the 1992 Landers earthquake,Hernandez B.; Cotton F.; Campillo M.,Journal of Geophysical Research: Solid Earth,,,Article,135,,Regularization/weighting/model selection; Earthquake source/fault-slip inversion,No,No,2-s2.0-0033542343,,title,contribution of radar ihterferometry to a two step inversion of the kinematic process of the 1992 landers earthquake
R0507,Dimensions only,1999,Contribution of radar interferometry to a two‐step inversion of the kinematic process of the 1992 Landers earthquake,"Hernandez, Bruno; Cotton, Fabrice; Campillo, Michel",Journal of Geophysical Research,10.1029/1999jb900078,https://doi.org/10.1029/1999jb900078,Article,,138,Regularization/weighting/model selection; Earthquake source/fault-slip inversion,No,No,,pub.1045160342,doi,10.1029/1999jb900078
R0508,Dimensions only,1999,"Imaging Magma Transport During the 1997 Seismic Swarm off the Izu Peninsula, Japan","Aoki, Yosuke; Segall, Paul; Kato, Teruyuki; Cervelli, Peter; Shimada, Seiichi",Science,10.1126/science.286.5441.927,https://doi.org/10.1126/science.286.5441.927,Article,,79,Regularization/weighting/model selection; Volcanic deformation/source geometry,No,No,,pub.1062567128,doi,10.1126/science.286.5441.927
R0509,Dimensions only,1999,Mixing in a 3D spherical model of present-day mantle convection,"van Keken, Peter; Zhong, Shijie",Earth and Planetary Science Letters,10.1016/s0012-821x(99)00181-8,https://doi.org/10.1016/s0012-821x(99)00181-8,Article,,79,Earthquake source/fault-slip inversion; Hydrology/gravity/mass redistribution,No,No,,pub.1021767827,doi,10.1016/s0012-821x(99)00181-8
R0510,Both,1999,Relation between the subducting plate and seismicity associated with the great 1964 Alaska earthquake,Von Huene R.; Klaeschen D.; Fruehn J.,Pure and Applied Geophysics,10.1007/s000240050245,https://doi.org/10.1007/s000240050245,Article,27,22,AI/neural surrogates/visualization/emerging sensing; Earthquake source/fault-slip inversion,No,No,2-s2.0-0032742508,pub.1001100601,doi,10.1007/s000240050245
R0511,Dimensions only,1999,Relation between the Subducting Plate and Seismicity Associated with the Great 1964 Alaska Earthquake,"von Huene, Roland; Klaeschen, Dirk; Fruehn, Juergen",Pageoph Topical Volumes,10.1007/978-3-0348-8679-6_10,https://doi.org/10.1007/978-3-0348-8679-6_10,Chapter,,1,AI/neural surrogates/visualization/emerging sensing; Earthquake source/fault-slip inversion,No,No,,pub.1043539574,doi,10.1007/978-3-0348-8679-6_10
R0512,Dimensions only,1999,Sources of Tsunami and Tsunamigenic Earthquakes in Subduction Zones,"Satake, K.; Tanioka, Y.",Pageoph Topical Volumes,10.1007/978-3-0348-8679-6_5,https://doi.org/10.1007/978-3-0348-8679-6_5,Chapter,,20,Earthquake source/fault-slip inversion,No,No,,pub.1004300272,doi,10.1007/978-3-0348-8679-6_5
R0513,Dimensions only,1999,Synthetic Aperture Radar Interferometry. The Pontential of an Earth Crustal Movement Detection by Airborne Repeat-Pass Interferometric SAR(RP-INSAR).,"Miyawaki, Masanori; Murata, Minoru",測地学会誌,10.11366/sokuchi1954.45.355,https://doi.org/10.11366/sokuchi1954.45.355,Article,,0,Earthquake source/fault-slip inversion,No,No,,pub.1114100734,doi,10.11366/sokuchi1954.45.355
R0514,Dimensions only,1999,"The October 4, 1994 Shikotan (Kurile Islands) Tsunamigenic Earthquake: An Open Problem on the Source Mechanism","Piatanesi, Alessio; Heinrich, Philippe; Tinti, Stefano",Pageoph Topical Volumes,10.1007/978-3-0348-8679-6_9,https://doi.org/10.1007/978-3-0348-8679-6_9,Chapter,,0,Regularization/weighting/model selection; Earthquake source/fault-slip inversion; Hydrology/gravity/mass redistribution,No,No,,pub.1004541171,doi,10.1007/978-3-0348-8679-6_9
R0515,Dimensions only,1998,Airborne repeat-pass INSAR system,"Miyawaki, M.; Nagata, H.; Sugawara, M.; Shinme, H.; Murata, M.; Nohmi, H.; Shimada, M.; Sakurai, T.; Kobayashi, S.; Fujii, N.; Nomura, K.-I.; Kitani, H.",,10.1109/igarss.1998.702317,https://doi.org/10.1109/igarss.1998.702317,Proceeding,,3,Earthquake source/fault-slip inversion,No,No,,pub.1093616212,doi,10.1109/igarss.1998.702317
R0516,Dimensions only,1998,GPS meteorology: Reducing systematic errors in geodetic estimates for zenith delay,"Fang, Peng; Bevis, Michael; Bock, Yehuda; Gutman, Seth; Wolfe, Dan",Geophysical Research Letters,10.1029/98gl02755,https://doi.org/10.1029/98gl02755,Article,,73,General geodetic inversion / Earth-observation modelling,No,No,,pub.1023566258,doi,10.1029/98gl02755
R0517,Both,1998,"Heterogeneous Coupling Along Alaska-Aleutians as Inferred From Tsunami, Seismic, and Geodetic Inversions",Johnson J.M.,Advances in Geophysics,10.1016/s0065-2687(08)60275-7,https://doi.org/10.1016/s0065-2687(08)60275-7,Article,55,53,Earthquake source/fault-slip inversion,No,No,2-s2.0-77956780418,pub.1048077190,doi,10.1016/s0065-2687(08)60275-7
R0518,Dimensions only,1998,"Inversion of source parameters from near‐ and far‐field observations: An application to the 1915 Fucino earthquake, central Apennines, Italy","Amoruso, Antonella; Crescentini, Luca; Scarpa, Roberto",Journal of Geophysical Research,10.1029/98jb02849,https://doi.org/10.1029/98jb02849,Article,,57,Earthquake source/fault-slip inversion,No,No,,pub.1035386594,doi,10.1029/98jb02849
R0519,Dimensions only,1998,Refined coseismic displacement modeling for the 1994 Shikotan and Sanriku‐oki earthquakes,"Cummins, Phil R.; Hirano, Satoshi; Kaneda, Yoshiyuki",Geophysical Research Letters,10.1029/98gl52519,https://doi.org/10.1029/98gl52519,Article,,11,Earthquake source/fault-slip inversion,No,No,,pub.1014325847,doi,10.1029/98gl52519
R0520,Dimensions only,1998,インターネットを通した日米間微小地震波形データのリアルタイム伝送実験,"啓, 勝俣",Zisin (Journal of the Seismological Society of Japan 2nd ser ),10.4294/zisin1948.51.1_157,https://doi.org/10.4294/zisin1948.51.1_157,Article,,0,General geodetic inversion / Earth-observation modelling,No,No,,pub.1085008256,doi,10.4294/zisin1948.51.1_157
R0521,Both,1997,Synthetic aperture radar interferogram of the 1995 Kobe earthquake and its geodetic inversion,Ozawa S.; Murakami M.; Fujiwara S.; Tobita M.,Geophysical Research Letters,10.1029/97gl02318,https://doi.org/10.1029/97gl02318,Article,41,45,Regularization/weighting/model selection; Earthquake source/fault-slip inversion; Subsidence/reservoir/anthropogenic deformation,No,No,2-s2.0-0031225061,pub.1052978526,doi,10.1029/97gl02318
R0522,Both,1996,Geodetic inversion for the fault model of the 1994 Shikotan earthquake,Ozawa S.,Geophysical Research Letters,10.1029/96gl02049,https://doi.org/10.1029/96gl02049,Article,21,30,AI/neural surrogates/visualization/emerging sensing; Regularization/weighting/model selection; Earthquake source/fault-slip inversion,No,No,2-s2.0-0030209492,pub.1034993072,doi,10.1029/96gl02049
R0523,Dimensions only,1996,Geometry of continental normal faults: Seismological constraints,"Braunmiller, Jochen; Nábělek, John",Journal of Geophysical Research,10.1029/95jb02882,https://doi.org/10.1029/95jb02882,Article,,45,Earthquake source/fault-slip inversion,No,No,,pub.1040668320,doi,10.1029/95jb02882
R0524,Both,1996,GPS meteorology: Direct estimation of the absolute value of precipitable water,Duan J.; Bevis M.; Fang P.; Bock Y.; Chiswell S.; Businger S.; Rocken C.; Solheim F.; Van Hove T.; Ware R.; McClusky S.; Herring T.A.; King R.W.,Journal of Applied Meteorology,10.1175/1520-0450(1996)035<0830:gmdeot>2.0.co;2,https://doi.org/10.1175/1520-0450(1996)035<0830:gmdeot>2.0.co;2,Article,474,402,General geodetic inversion / Earth-observation modelling,No,No,2-s2.0-0030430464,pub.1002881471,doi,10.1175/1520-0450(1996)035<0830:gmdeot>2.0.co;2
R0525,Dimensions only,1996,"Strong Motion Modeling at a Near-Source Site in Avezzano, Italy","Mendez, A.; Pacor, F.; Berardi, R.; Petrungaro, C.",Advances in Natural and Technological Hazards Research,10.1007/978-94-009-0243-5_18,https://doi.org/10.1007/978-94-009-0243-5_18,Chapter,,0,Earthquake source/fault-slip inversion,No,No,,pub.1035788161,doi,10.1007/978-94-009-0243-5_18
R0526,Dimensions only,1996,The 1964 Prince William Sound earthquake: Joint inversion of tsunami and geodetic data,"Johnson, Jean M.; Satake, Kenji; Holdahl, Sanford R.; Sauber, Jeanne",Journal of Geophysical Research,10.1029/95jb02806,https://doi.org/10.1029/95jb02806,Article,,173,Earthquake source/fault-slip inversion,No,No,,pub.1013836963,doi,10.1029/95jb02806
R0527,Dimensions only,1996,The repetition of large-earthquake ruptures.,"Sieh, K",Proceedings of the National Academy of Sciences of the United States of America,10.1073/pnas.93.9.3764,https://doi.org/10.1073/pnas.93.9.3764,Article,,168,Earthquake source/fault-slip inversion,No,No,,pub.1013812885,doi,10.1073/pnas.93.9.3764
R0528,Dimensions only,1995,"A. I Shemenda, 1994. Subduction. Insights from Physical Modeling. Modern Approaches in Geophysics Series, Volume 11. xi + 215 pp. Dordrecht, Boston, London: Kluwer. Price Dfl. 150.00, US $95.00, £60.00 (hard covers). ISBN 0 7923 3042 0.","Davies, J. Huw",Geological Magazine,10.1017/s0016756800019063,https://doi.org/10.1017/s0016756800019063,Article,,0,Earthquake source/fault-slip inversion,No,No,,pub.1054003325,doi,10.1017/s0016756800019063
R0529,Dimensions only,1995,"B. K. Vainshtein, V. M. Fridkin, & V. L. Indenbom, 1994. Structure of Crystals, 2nd ed. Modern Crystallography Series, Volume 2. xx + 520 pp. Berlin, Heidelberg, New York, London, Paris, Tokyo, Hong Kong: Springer-Verlag. Price DM 119.00, Ös 928.20, SFr 114.50 (hard covers). ISBN 3 540 56848 4.","Palmer, David C.",Geological Magazine,10.1017/s0016756800019075,https://doi.org/10.1017/s0016756800019075,Article,,0,General geodetic inversion / Earth-observation modelling,No,No,,pub.1053986382,doi,10.1017/s0016756800019075
R0530,Dimensions only,1995,"High Latitudes — A History of Swedish Polar Travels and Research G H Liljequist Swedish Polar Secretariat, Stockholm. (1993). 60 pages. £37.00. ISBN 91 7886 1020. -","Walton, D W H",Antarctic Science,10.1017/s0954102095230281,https://doi.org/10.1017/s0954102095230281,Article,,0,General geodetic inversion / Earth-observation modelling,No,No,,pub.1048649741,doi,10.1017/s0954102095230281
R0531,Dimensions only,1995,"R. Dmowska, & G. Ekström, (eds) 1994. Shallow Subduction Zones: Seismicity, Mechanics and Seismic Potential. Part II. iii + pp. 1–267. Reprint from Pure and Applied Geophysics (PAGEOPH), Volume 142 (1994), no. 1. Basel: Birkhäuser. Price DM 48.00, Ös 374.40, SFr 38.00, £17.00 (paperback). ISBN 3 7643 2963.","Jackson, James",Geological Magazine,10.1017/s0016756800019051,https://doi.org/10.1017/s0016756800019051,Article,,0,Earthquake source/fault-slip inversion,No,No,,pub.1053899761,doi,10.1017/s0016756800019051
R0532,Dimensions only,1995,"Recent Progress in Antarctic Earth Science Proceedings of the Sixth International Symposium on Antarctic Earth Sciences, held at National Women's Education Centre, Ranzan, Saitama, Japan, September 9–13, 1991. Edited by Y. Yoshida, K. Kaminuma & K. Shiraishi Terra Scientific Publishing Company, Tokyo (1992). 796 pages. $299.00 ISBN 4 88704 109 8. -","Hughes, C.P.",Antarctic Science,10.1017/s0954102095210289,https://doi.org/10.1017/s0954102095210289,Article,,1,General geodetic inversion / Earth-observation modelling,No,No,,pub.1047571012,doi,10.1017/s0954102095210289
R0533,Dimensions only,1995,"Shallow Subduction Zones: Seismicity, Mechanics and Seismic Potential Edited by R. Dmowska & G. Ekström Birkhauser Publishing Ltd, Basel (1994). 240 pages. £17.00. ISBN 3 7643 2963 7. -","Das, S.",Antarctic Science,10.1017/s0954102095220285,https://doi.org/10.1017/s0954102095220285,Article,,0,Earthquake source/fault-slip inversion,No,No,,pub.1016620383,doi,10.1017/s0954102095220285
R0534,Dimensions only,1995,"The Biology of the Southern Ocean George A. Knox Cambridge University Press, UK (1994). 444 pages. £90.00 ISBN 0 521 32211 1. -","Smetacek, Victor",Antarctic Science,10.1017/s0954102095240288,https://doi.org/10.1017/s0954102095240288,Article,,0,General geodetic inversion / Earth-observation modelling,No,No,,pub.1052946568,doi,10.1017/s0954102095240288
R0535,Scopus only,1995,"Transient stresses at Parkfield, California, produced by the M 7.4 Landers earthquake of June 28, 1992: observations form the UPSAR dense seismograph array",Spudich P.; Steck L.K.; Hellweg M.; Fletcher J.B.; Baker L.M.,Journal of Geophysical Research,10.1029/94jb02477,https://doi.org/10.1029/94jb02477,Article,197,,Earthquake source/fault-slip inversion; Landslide/slope/active-terrain deformation,No,No,2-s2.0-0028812930,,doi,10.1029/94jb02477
R0536,Dimensions only,1995,Tsunami Generation of the 1993 Hokkaido Nansei-Oki Earthquake,"Satake, Kenji; Tanioka, Yuichiro",Pageoph Topical Volumes,10.1007/978-3-0348-7279-9_23,https://doi.org/10.1007/978-3-0348-7279-9_23,Chapter,,7,Earthquake source/fault-slip inversion,No,No,,pub.1036887795,doi,10.1007/978-3-0348-7279-9_23
R0537,Dimensions only,1995,Tsunami generation of the 1993 Hokkaido Nansei-Oki earthquake,"Satake, Kenji; Tanioka, Yuichiro",Pure and Applied Geophysics,10.1007/bf00874395,https://doi.org/10.1007/bf00874395,Article,,47,Earthquake source/fault-slip inversion,No,No,,pub.1002665850,doi,10.1007/bf00874395
R0538,Dimensions only,1994,"A multidisciplinary assesment of postglacial seismic disturbance: Miramichi area, New Brunswick, Canada Quaternary International, 20, 1993, pp 151–161","Broster, B.E.; Allen, P.; Burke, K.B.S.",International Journal of Rock Mechanics and Mining Sciences,10.1016/0148-9062(94)90053-1,https://doi.org/10.1016/0148-9062(94)90053-1,Article,,0,General geodetic inversion / Earth-observation modelling,No,No,,pub.1006856056,doi,10.1016/0148-9062(94)90053-1
R0539,Dimensions only,1994,A Simulation Study of Smoothness Methods In Recovery of Regional Gravity Fields,"Xu, Peiliang; Rummel, Reiner",Geophysical Journal International,10.1111/j.1365-246x.1994.tb03945.x,https://doi.org/10.1111/j.1365-246x.1994.tb03945.x,Article,,47,AI/neural surrogates/visualization/emerging sensing; Regularization/weighting/model selection; Hydrology/gravity/mass redistribution,No,No,,pub.1008892884,doi,10.1111/j.1365-246x.1994.tb03945.x
R0540,Dimensions only,1994,"Coseismic fault-related folding during the South Golbaf earthquake of November 20, 1989, in southeast Iran Geology, 22 (6), 1994, pp 531–534","Berberian, M.; Qorashi, M.",International Journal of Rock Mechanics and Mining Sciences,10.1016/0148-9062(94)90054-x,https://doi.org/10.1016/0148-9062(94)90054-x,Article,,0,Earthquake source/fault-slip inversion,No,No,,pub.1052382937,doi,10.1016/0148-9062(94)90054-x
R0541,Scopus only,1994,Coseismic slip in the 1964 Prince William Sound earthquake: A new geodetic inversion,Holdahl S.R.; Sauber J.,Pure and Applied Geophysics PAGEOPH,10.1007/bf00875968,https://doi.org/10.1007/bf00875968,Article,77,,Earthquake source/fault-slip inversion,No,No,2-s2.0-0028584576,,doi,10.1007/bf00875968
R0542,Dimensions only,1994,"Coseismic slip in the 1964 William Sound earthqauke: a new geodetic inversion Pure & Applied Geophysics, 142 (1), 1994, pp 55–82","Holdahl, S.R.; Sauber, J.",International Journal of Rock Mechanics and Mining Sciences,10.1016/0148-9062(94)90058-2,https://doi.org/10.1016/0148-9062(94)90058-2,Article,,0,Earthquake source/fault-slip inversion,No,No,,pub.1035332941,doi,10.1016/0148-9062(94)90058-2
R0543,Dimensions only,1994,Dislocations in inhomogeneous media via a moduli perturbation approach: General formulation and two‐dimensional solutions,"Du, Yijun; Segall, Paul; Gao, Huajian",Journal of Geophysical Research,10.1029/94jb00339,https://doi.org/10.1029/94jb00339,Article,,57,AI/neural surrogates/visualization/emerging sensing; Earthquake source/fault-slip inversion,No,No,,pub.1046324589,doi,10.1029/94jb00339
R0544,Dimensions only,1994,Generalized ridge regression with applications in determination of potential fields,"Xu, Peiliang; Rummel, Reiner",manuscripta geodaetica,10.1007/bf03655350,https://doi.org/10.1007/bf03655350,Article,,40,Regularization/weighting/model selection,No,No,,pub.1181448610,doi,10.1007/bf03655350
R0545,Dimensions only,1994,Introduction,"Dmowska, Renata; Ekström, Göran",Pure and Applied Geophysics,10.1007/bf00875965,https://doi.org/10.1007/bf00875965,Article,,0,General geodetic inversion / Earth-observation modelling,No,No,,pub.1003672631,doi,10.1007/bf00875965
R0546,Dimensions only,1994,Introduction,"Dmowska, Renata; Ekström, Göran",Pageoph Topical Volumes,10.1007/978-3-0348-7333-8_1,https://doi.org/10.1007/978-3-0348-7333-8_1,Chapter,,0,Earthquake source/fault-slip inversion,No,No,,pub.1028527161,doi,10.1007/978-3-0348-7333-8_1
R0547,Dimensions only,1994,"Mechanisms of coastal cliff retreat and hazard zone delineation in soft flysch deposits Journal of Coastal Research, 10 (3), 1994, pp 663–680","Moon, V.G.; Healy, T.",International Journal of Rock Mechanics and Mining Sciences,10.1016/0148-9062(94)90051-5,https://doi.org/10.1016/0148-9062(94)90051-5,Article,,5,General geodetic inversion / Earth-observation modelling,No,No,,pub.1026535526,doi,10.1016/0148-9062(94)90051-5
R0548,Dimensions only,1994,"Seismicity trends and potential for large earthquakes in the Alaska-Aleutian region Pure & Applied Geophysics, 142 (1), 1994, pp 83–99","Bufe, C.G.; Nishenko, S.P.; Varnes, D.J.",International Journal of Rock Mechanics and Mining Sciences,10.1016/0148-9062(94)90059-0,https://doi.org/10.1016/0148-9062(94)90059-0,Article,,3,General geodetic inversion / Earth-observation modelling,No,No,,pub.1047920226,doi,10.1016/0148-9062(94)90059-0
R0549,Dimensions only,1994,"The 1953 earthquake in Cephalonia (western Hellenic Are): coastal uplift and halotectonic faulting Geophysical Journal International, 117 (3), 1994, pp 834–849","Stiros, S.C.; Pirazzoli, P.A.; Laborel, J.; Laborel-Deguen, F.",International Journal of Rock Mechanics and Mining Sciences,10.1016/0148-9062(94)90055-8,https://doi.org/10.1016/0148-9062(94)90055-8,Article,,0,Earthquake source/fault-slip inversion,No,No,,pub.1045984042,doi,10.1016/0148-9062(94)90055-8
R0550,Dimensions only,1994,"The 1957 great Aleutian earthquake Pure Applied Geophysics, 142 (1), 1994, pp 3–28","Johnson, J.M.; Tanioka, Y.; Ruff, L.J.; Satake, K.; Kanamori, H.; Sykes, L.R.",International Journal of Rock Mechanics and Mining Sciences,10.1016/0148-9062(94)90056-6,https://doi.org/10.1016/0148-9062(94)90056-6,Article,,0,Earthquake source/fault-slip inversion,No,No,,pub.1024657613,doi,10.1016/0148-9062(94)90056-6
R0551,Dimensions only,1994,"The October 12, 1992, Dahshur, Egypt, earthquake Earthqauake & Volcanoes (USGS), 24 (1), 1993, pp 27–41","Thenhaus, P.C.; Celebi, M.; Sharp, R.V.",International Journal of Rock Mechanics and Mining Sciences,10.1016/0148-9062(94)90052-3,https://doi.org/10.1016/0148-9062(94)90052-3,Article,,0,Earthquake source/fault-slip inversion,No,No,,pub.1040500756,doi,10.1016/0148-9062(94)90052-3
R0552,Dimensions only,1994,"The rupture process and tectonic implications of the great 1964 Prince William Sound earthquake Pure & Applied Geophysics, 142 (1), 1994, pp 29–53","Christensen, D.H.; Beck, S.L.",International Journal of Rock Mechanics and Mining Sciences,10.1016/0148-9062(94)90057-4,https://doi.org/10.1016/0148-9062(94)90057-4,Article,,0,Earthquake source/fault-slip inversion,No,No,,pub.1041777489,doi,10.1016/0148-9062(94)90057-4
R0553,Dimensions only,1994,"Transient stresses al Parkfield, California, produced by the M 7.4 Landers earthquake of June 28, 1992: implications for the time-dependence of fault friction","Spudich, P.; Steck, L. K.; Hellweg, M.; Fletcher, J. B.; Baker, L. M.",Annals of Geophysics,10.4401/ag-4146,https://doi.org/10.4401/ag-4146,Article,,2,Earthquake source/fault-slip inversion; Landslide/slope/active-terrain deformation,No,No,,pub.1138909966,doi,10.4401/ag-4146
R0554,Dimensions only,1993,"Depth distribution of coseismic slip along the Nankai Trough, Japan, from joint inversion of geodetic and tsunami data","Satake, Kenji",Journal of Geophysical Research,10.1029/92jb01553,https://doi.org/10.1029/92jb01553,Article,,171,Earthquake source/fault-slip inversion,No,No,,pub.1047953467,doi,10.1029/92jb01553
R0555,Both,1992,Determination of surface gravity anomalies using gradiometric observables,Xu P.,Geophysical Journal International,10.1111/j.1365-246x.1992.tb00877.x,https://doi.org/10.1111/j.1365-246x.1992.tb00877.x,Article,101,98,Regularization/weighting/model selection; Hydrology/gravity/mass redistribution,No,No,2-s2.0-0026446650,pub.1031736204,doi,10.1111/j.1365-246x.1992.tb00877.x
R0556,Dimensions only,1986,"Slip Deficit on the San Andreas Fault at Parkfield, California, as Revealed by Inversion of Geodetic Data","Segall, Paul; Harris, Ruth",Science,10.1126/science.233.4771.1409,https://doi.org/10.1126/science.233.4771.1409,Article,,71,Earthquake source/fault-slip inversion; Landslide/slope/active-terrain deformation,No,No,,pub.1062533070,doi,10.1126/science.233.4771.1409
